[robosuite WARNING] No private macro file found! (macros.py:57)
[robosuite WARNING] It is recommended to use a private macro file (macros.py:58)
[robosuite WARNING] To setup, run: python /home/danyoungday/miniconda3/envs/robosuite/lib/python3.10/site-packages/robosuite/scripts/setup_macros.py (macros.py:59)
[robosuite WARNING] Could not import robosuite_models. Some robots may not be available. If you want to use these robots, please install robosuite_models from source (https://github.com/ARISE-Initiative/robosuite_models) or through pip install. (__init__.py:30)
[robosuite WARNING] Could not load the mink-based whole-body IK. Make sure you install related import properly, otherwise you will not be able to use the default IK controller setting for GR1 robot. (__init__.py:40)
Traceback (most recent call last):
  File "/home/danyoungday/workspace/robteach/train_ppo.py", line 188, in <module>
    train(cfg, config_path)
  File "/home/danyoungday/workspace/robteach/train_ppo.py", line 115, in train
    wandb.init(
  File "/home/danyoungday/miniconda3/envs/robosuite/lib/python3.10/site-packages/wandb/sdk/wandb_init.py", line 1471, in init
    init_settings.project = project
  File "/home/danyoungday/miniconda3/envs/robosuite/lib/python3.10/site-packages/pydantic/main.py", line 1033, in __setattr__
    setattr_handler(self, name, value)  # call here to not memo on possibly unknown fields
  File "/home/danyoungday/miniconda3/envs/robosuite/lib/python3.10/site-packages/pydantic/main.py", line 111, in <lambda>
    'validate_assignment': lambda model, name, val: model.__pydantic_validator__.validate_assignment(model, name, val),  # pyright: ignore[reportAssignmentType]
  File "/home/danyoungday/miniconda3/envs/robosuite/lib/python3.10/site-packages/wandb/sdk/wandb_settings.py", line 1211, in validate_project
    raise UsageError(
wandb.errors.errors.UsageError: Invalid project name 'evolutionaryai/robosuite': cannot contain characters '/,\\,#,?,%,:', found '/'
[robosuite WARNING] No private macro file found! (macros.py:57)
[robosuite WARNING] It is recommended to use a private macro file (macros.py:58)
[robosuite WARNING] To setup, run: python /home/danyoungday/miniconda3/envs/robosuite/lib/python3.10/site-packages/robosuite/scripts/setup_macros.py (macros.py:59)
[robosuite WARNING] Could not import robosuite_models. Some robots may not be available. If you want to use these robots, please install robosuite_models from source (https://github.com/ARISE-Initiative/robosuite_models) or through pip install. (__init__.py:30)
[robosuite WARNING] Could not load the mink-based whole-body IK. Make sure you install related import properly, otherwise you will not be able to use the default IK controller setting for GR1 robot. (__init__.py:40)
wandb: [wandb.login()] Loaded credentials for https://api.wandb.ai from /home/danyoungday/.netrc.
wandb: Currently logged in as: danyoung2 (evolutionaryai) to https://api.wandb.ai. Use `wandb login --relogin` to force relogin
wandb: setting up run dx0xisdh
wandb: Tracking run with wandb version 0.25.0
wandb: Run data is saved locally in /home/danyoungday/workspace/robteach/wandb/run-20260305_194701-dx0xisdh
wandb: Run `wandb offline` to turn off syncing.
wandb: Syncing run quiet-pine-24
wandb: ⭐️ View project at https://wandb.ai/evolutionaryai/robosuite
wandb: 🚀 View run at https://wandb.ai/evolutionaryai/robosuite/runs/dx0xisdh
[robosuite WARNING] No private macro file found! (macros.py:57)
[robosuite WARNING] It is recommended to use a private macro file (macros.py:58)
[robosuite WARNING] To setup, run: python /home/danyoungday/miniconda3/envs/robosuite/lib/python3.10/site-packages/robosuite/scripts/setup_macros.py (macros.py:59)
[robosuite WARNING] No private macro file found! (macros.py:57)
[robosuite WARNING] It is recommended to use a private macro file (macros.py:58)
[robosuite WARNING] To setup, run: python /home/danyoungday/miniconda3/envs/robosuite/lib/python3.10/site-packages/robosuite/scripts/setup_macros.py (macros.py:59)
[robosuite WARNING] No private macro file found! (macros.py:57)
[robosuite WARNING] It is recommended to use a private macro file (macros.py:58)
[robosuite WARNING] To setup, run: python /home/danyoungday/miniconda3/envs/robosuite/lib/python3.10/site-packages/robosuite/scripts/setup_macros.py (macros.py:59)
[robosuite WARNING] No private macro file found! (macros.py:57)
[robosuite WARNING] It is recommended to use a private macro file (macros.py:58)
[robosuite WARNING] To setup, run: python /home/danyoungday/miniconda3/envs/robosuite/lib/python3.10/site-packages/robosuite/scripts/setup_macros.py (macros.py:59)
[robosuite WARNING] No private macro file found! (macros.py:57)
[robosuite WARNING] It is recommended to use a private macro file (macros.py:58)
[robosuite WARNING] To setup, run: python /home/danyoungday/miniconda3/envs/robosuite/lib/python3.10/site-packages/robosuite/scripts/setup_macros.py (macros.py:59)
[robosuite WARNING] No private macro file found! (macros.py:57)
[robosuite WARNING] It is recommended to use a private macro file (macros.py:58)
[robosuite WARNING] To setup, run: python /home/danyoungday/miniconda3/envs/robosuite/lib/python3.10/site-packages/robosuite/scripts/setup_macros.py (macros.py:59)
[robosuite WARNING] No private macro file found! (macros.py:57)
[robosuite WARNING] No private macro file found! (macros.py:57)
[robosuite WARNING] It is recommended to use a private macro file (macros.py:58)
[robosuite WARNING] It is recommended to use a private macro file (macros.py:58)
[robosuite WARNING] To setup, run: python /home/danyoungday/miniconda3/envs/robosuite/lib/python3.10/site-packages/robosuite/scripts/setup_macros.py (macros.py:59)
[robosuite WARNING] To setup, run: python /home/danyoungday/miniconda3/envs/robosuite/lib/python3.10/site-packages/robosuite/scripts/setup_macros.py (macros.py:59)
[robosuite WARNING] No private macro file found! (macros.py:57)
[robosuite WARNING] It is recommended to use a private macro file (macros.py:58)
[robosuite WARNING] To setup, run: python /home/danyoungday/miniconda3/envs/robosuite/lib/python3.10/site-packages/robosuite/scripts/setup_macros.py (macros.py:59)
[robosuite WARNING] No private macro file found! (macros.py:57)
[robosuite WARNING] It is recommended to use a private macro file (macros.py:58)
[robosuite WARNING] To setup, run: python /home/danyoungday/miniconda3/envs/robosuite/lib/python3.10/site-packages/robosuite/scripts/setup_macros.py (macros.py:59)
[robosuite WARNING] No private macro file found! (macros.py:57)
[robosuite WARNING] It is recommended to use a private macro file (macros.py:58)
[robosuite WARNING] To setup, run: python /home/danyoungday/miniconda3/envs/robosuite/lib/python3.10/site-packages/robosuite/scripts/setup_macros.py (macros.py:59)
[robosuite WARNING] No private macro file found! (macros.py:57)
[robosuite WARNING] It is recommended to use a private macro file (macros.py:58)
[robosuite WARNING] To setup, run: python /home/danyoungday/miniconda3/envs/robosuite/lib/python3.10/site-packages/robosuite/scripts/setup_macros.py (macros.py:59)
[robosuite WARNING] No private macro file found! (macros.py:57)
[robosuite WARNING] It is recommended to use a private macro file (macros.py:58)
[robosuite WARNING] To setup, run: python /home/danyoungday/miniconda3/envs/robosuite/lib/python3.10/site-packages/robosuite/scripts/setup_macros.py (macros.py:59)
[robosuite WARNING] No private macro file found! (macros.py:57)
[robosuite WARNING] It is recommended to use a private macro file (macros.py:58)
[robosuite WARNING] To setup, run: python /home/danyoungday/miniconda3/envs/robosuite/lib/python3.10/site-packages/robosuite/scripts/setup_macros.py (macros.py:59)
[robosuite WARNING] No private macro file found! (macros.py:57)
[robosuite WARNING] It is recommended to use a private macro file (macros.py:58)
[robosuite WARNING] To setup, run: python /home/danyoungday/miniconda3/envs/robosuite/lib/python3.10/site-packages/robosuite/scripts/setup_macros.py (macros.py:59)
[robosuite WARNING] No private macro file found! (macros.py:57)
[robosuite WARNING] It is recommended to use a private macro file (macros.py:58)
[robosuite WARNING] To setup, run: python /home/danyoungday/miniconda3/envs/robosuite/lib/python3.10/site-packages/robosuite/scripts/setup_macros.py (macros.py:59)
[robosuite WARNING] No private macro file found! (macros.py:57)
[robosuite WARNING] It is recommended to use a private macro file (macros.py:58)
[robosuite WARNING] To setup, run: python /home/danyoungday/miniconda3/envs/robosuite/lib/python3.10/site-packages/robosuite/scripts/setup_macros.py (macros.py:59)
[robosuite WARNING] No private macro file found! (macros.py:57)
[robosuite WARNING] It is recommended to use a private macro file (macros.py:58)
[robosuite WARNING] To setup, run: python /home/danyoungday/miniconda3/envs/robosuite/lib/python3.10/site-packages/robosuite/scripts/setup_macros.py (macros.py:59)
[robosuite WARNING] No private macro file found! (macros.py:57)
[robosuite WARNING] It is recommended to use a private macro file (macros.py:58)
[robosuite WARNING] To setup, run: python /home/danyoungday/miniconda3/envs/robosuite/lib/python3.10/site-packages/robosuite/scripts/setup_macros.py (macros.py:59)
[robosuite WARNING] No private macro file found! (macros.py:57)
[robosuite WARNING] No private macro file found! (macros.py:57)
[robosuite WARNING] It is recommended to use a private macro file (macros.py:58)
[robosuite WARNING] It is recommended to use a private macro file (macros.py:58)
[robosuite WARNING] To setup, run: python /home/danyoungday/miniconda3/envs/robosuite/lib/python3.10/site-packages/robosuite/scripts/setup_macros.py (macros.py:59)
[robosuite WARNING] To setup, run: python /home/danyoungday/miniconda3/envs/robosuite/lib/python3.10/site-packages/robosuite/scripts/setup_macros.py (macros.py:59)
[robosuite WARNING] No private macro file found! (macros.py:57)
[robosuite WARNING] It is recommended to use a private macro file (macros.py:58)
[robosuite WARNING] To setup, run: python /home/danyoungday/miniconda3/envs/robosuite/lib/python3.10/site-packages/robosuite/scripts/setup_macros.py (macros.py:59)
[robosuite WARNING] No private macro file found! (macros.py:57)
[robosuite WARNING] It is recommended to use a private macro file (macros.py:58)
[robosuite WARNING] To setup, run: python /home/danyoungday/miniconda3/envs/robosuite/lib/python3.10/site-packages/robosuite/scripts/setup_macros.py (macros.py:59)
[robosuite WARNING] No private macro file found! (macros.py:57)
[robosuite WARNING] It is recommended to use a private macro file (macros.py:58)
[robosuite WARNING] To setup, run: python /home/danyoungday/miniconda3/envs/robosuite/lib/python3.10/site-packages/robosuite/scripts/setup_macros.py (macros.py:59)
[robosuite WARNING] No private macro file found! (macros.py:57)
[robosuite WARNING] It is recommended to use a private macro file (macros.py:58)
[robosuite WARNING] No private macro file found! (macros.py:57)
[robosuite WARNING] To setup, run: python /home/danyoungday/miniconda3/envs/robosuite/lib/python3.10/site-packages/robosuite/scripts/setup_macros.py (macros.py:59)
[robosuite WARNING] It is recommended to use a private macro file (macros.py:58)
[robosuite WARNING] To setup, run: python /home/danyoungday/miniconda3/envs/robosuite/lib/python3.10/site-packages/robosuite/scripts/setup_macros.py (macros.py:59)
[robosuite WARNING] No private macro file found! (macros.py:57)
[robosuite WARNING] It is recommended to use a private macro file (macros.py:58)
[robosuite WARNING] To setup, run: python /home/danyoungday/miniconda3/envs/robosuite/lib/python3.10/site-packages/robosuite/scripts/setup_macros.py (macros.py:59)
[robosuite WARNING] No private macro file found! (macros.py:57)
[robosuite WARNING] No private macro file found! (macros.py:57)
[robosuite WARNING] No private macro file found! (macros.py:57)
[robosuite WARNING] No private macro file found! (macros.py:57)
[robosuite WARNING] No private macro file found! (macros.py:57)
[robosuite WARNING] It is recommended to use a private macro file (macros.py:58)
[robosuite WARNING] It is recommended to use a private macro file (macros.py:58)
[robosuite WARNING] It is recommended to use a private macro file (macros.py:58)
[robosuite WARNING] To setup, run: python /home/danyoungday/miniconda3/envs/robosuite/lib/python3.10/site-packages/robosuite/scripts/setup_macros.py (macros.py:59)
[robosuite WARNING] To setup, run: python /home/danyoungday/miniconda3/envs/robosuite/lib/python3.10/site-packages/robosuite/scripts/setup_macros.py (macros.py:59)
[robosuite WARNING] It is recommended to use a private macro file (macros.py:58)
[robosuite WARNING] It is recommended to use a private macro file (macros.py:58)
[robosuite WARNING] To setup, run: python /home/danyoungday/miniconda3/envs/robosuite/lib/python3.10/site-packages/robosuite/scripts/setup_macros.py (macros.py:59)
[robosuite WARNING] To setup, run: python /home/danyoungday/miniconda3/envs/robosuite/lib/python3.10/site-packages/robosuite/scripts/setup_macros.py (macros.py:59)
[robosuite WARNING] To setup, run: python /home/danyoungday/miniconda3/envs/robosuite/lib/python3.10/site-packages/robosuite/scripts/setup_macros.py (macros.py:59)
[robosuite WARNING] No private macro file found! (macros.py:57)
[robosuite WARNING] It is recommended to use a private macro file (macros.py:58)
[robosuite WARNING] To setup, run: python /home/danyoungday/miniconda3/envs/robosuite/lib/python3.10/site-packages/robosuite/scripts/setup_macros.py (macros.py:59)
[robosuite WARNING] No private macro file found! (macros.py:57)
[robosuite WARNING] It is recommended to use a private macro file (macros.py:58)
[robosuite WARNING] To setup, run: python /home/danyoungday/miniconda3/envs/robosuite/lib/python3.10/site-packages/robosuite/scripts/setup_macros.py (macros.py:59)
[robosuite WARNING] No private macro file found! (macros.py:57)
[robosuite WARNING] It is recommended to use a private macro file (macros.py:58)
[robosuite WARNING] To setup, run: python /home/danyoungday/miniconda3/envs/robosuite/lib/python3.10/site-packages/robosuite/scripts/setup_macros.py (macros.py:59)
[robosuite WARNING] No private macro file found! (macros.py:57)
[robosuite WARNING] No private macro file found! (macros.py:57)
[robosuite WARNING] No private macro file found! (macros.py:57)
[robosuite WARNING] No private macro file found! (macros.py:57)
[robosuite WARNING] It is recommended to use a private macro file (macros.py:58)
[robosuite WARNING] It is recommended to use a private macro file (macros.py:58)
[robosuite WARNING] It is recommended to use a private macro file (macros.py:58)
[robosuite WARNING] It is recommended to use a private macro file (macros.py:58)
[robosuite WARNING] No private macro file found! (macros.py:57)
[robosuite WARNING] To setup, run: python /home/danyoungday/miniconda3/envs/robosuite/lib/python3.10/site-packages/robosuite/scripts/setup_macros.py (macros.py:59)
[robosuite WARNING] No private macro file found! (macros.py:57)
[robosuite WARNING] To setup, run: python /home/danyoungday/miniconda3/envs/robosuite/lib/python3.10/site-packages/robosuite/scripts/setup_macros.py (macros.py:59)
[robosuite WARNING] To setup, run: python /home/danyoungday/miniconda3/envs/robosuite/lib/python3.10/site-packages/robosuite/scripts/setup_macros.py (macros.py:59)
[robosuite WARNING] It is recommended to use a private macro file (macros.py:58)
[robosuite WARNING] To setup, run: python /home/danyoungday/miniconda3/envs/robosuite/lib/python3.10/site-packages/robosuite/scripts/setup_macros.py (macros.py:59)
[robosuite WARNING] It is recommended to use a private macro file (macros.py:58)
[robosuite WARNING] To setup, run: python /home/danyoungday/miniconda3/envs/robosuite/lib/python3.10/site-packages/robosuite/scripts/setup_macros.py (macros.py:59)
[robosuite WARNING] To setup, run: python /home/danyoungday/miniconda3/envs/robosuite/lib/python3.10/site-packages/robosuite/scripts/setup_macros.py (macros.py:59)
[robosuite WARNING] No private macro file found! (macros.py:57)
[robosuite WARNING] No private macro file found! (macros.py:57)
[robosuite WARNING] No private macro file found! (macros.py:57)
[robosuite WARNING] It is recommended to use a private macro file (macros.py:58)
[robosuite WARNING] It is recommended to use a private macro file (macros.py:58)
[robosuite WARNING] It is recommended to use a private macro file (macros.py:58)
[robosuite WARNING] To setup, run: python /home/danyoungday/miniconda3/envs/robosuite/lib/python3.10/site-packages/robosuite/scripts/setup_macros.py (macros.py:59)
[robosuite WARNING] To setup, run: python /home/danyoungday/miniconda3/envs/robosuite/lib/python3.10/site-packages/robosuite/scripts/setup_macros.py (macros.py:59)
[robosuite WARNING] To setup, run: python /home/danyoungday/miniconda3/envs/robosuite/lib/python3.10/site-packages/robosuite/scripts/setup_macros.py (macros.py:59)
[robosuite WARNING] No private macro file found! (macros.py:57)
[robosuite WARNING] It is recommended to use a private macro file (macros.py:58)
[robosuite WARNING] To setup, run: python /home/danyoungday/miniconda3/envs/robosuite/lib/python3.10/site-packages/robosuite/scripts/setup_macros.py (macros.py:59)
[robosuite WARNING] No private macro file found! (macros.py:57)
[robosuite WARNING] No private macro file found! (macros.py:57)
[robosuite WARNING] It is recommended to use a private macro file (macros.py:58)
[robosuite WARNING] To setup, run: python /home/danyoungday/miniconda3/envs/robosuite/lib/python3.10/site-packages/robosuite/scripts/setup_macros.py (macros.py:59)
[robosuite WARNING] It is recommended to use a private macro file (macros.py:58)
[robosuite WARNING] To setup, run: python /home/danyoungday/miniconda3/envs/robosuite/lib/python3.10/site-packages/robosuite/scripts/setup_macros.py (macros.py:59)
[robosuite WARNING] No private macro file found! (macros.py:57)
[robosuite WARNING] It is recommended to use a private macro file (macros.py:58)
[robosuite WARNING] To setup, run: python /home/danyoungday/miniconda3/envs/robosuite/lib/python3.10/site-packages/robosuite/scripts/setup_macros.py (macros.py:59)
[robosuite WARNING] No private macro file found! (macros.py:57)
[robosuite WARNING] No private macro file found! (macros.py:57)
[robosuite WARNING] No private macro file found! (macros.py:57)
[robosuite WARNING] No private macro file found! (macros.py:57)
[robosuite WARNING] No private macro file found! (macros.py:57)
[robosuite WARNING] It is recommended to use a private macro file (macros.py:58)
[robosuite WARNING] It is recommended to use a private macro file (macros.py:58)
[robosuite WARNING] It is recommended to use a private macro file (macros.py:58)
[robosuite WARNING] No private macro file found! (macros.py:57)
[robosuite WARNING] It is recommended to use a private macro file (macros.py:58)
[robosuite WARNING] To setup, run: python /home/danyoungday/miniconda3/envs/robosuite/lib/python3.10/site-packages/robosuite/scripts/setup_macros.py (macros.py:59)
[robosuite WARNING] To setup, run: python /home/danyoungday/miniconda3/envs/robosuite/lib/python3.10/site-packages/robosuite/scripts/setup_macros.py (macros.py:59)
[robosuite WARNING] To setup, run: python /home/danyoungday/miniconda3/envs/robosuite/lib/python3.10/site-packages/robosuite/scripts/setup_macros.py (macros.py:59)
[robosuite WARNING] It is recommended to use a private macro file (macros.py:58)
[robosuite WARNING] To setup, run: python /home/danyoungday/miniconda3/envs/robosuite/lib/python3.10/site-packages/robosuite/scripts/setup_macros.py (macros.py:59)
[robosuite WARNING] It is recommended to use a private macro file (macros.py:58)
[robosuite WARNING] To setup, run: python /home/danyoungday/miniconda3/envs/robosuite/lib/python3.10/site-packages/robosuite/scripts/setup_macros.py (macros.py:59)
[robosuite WARNING] To setup, run: python /home/danyoungday/miniconda3/envs/robosuite/lib/python3.10/site-packages/robosuite/scripts/setup_macros.py (macros.py:59)
[robosuite WARNING] No private macro file found! (macros.py:57)
[robosuite WARNING] It is recommended to use a private macro file (macros.py:58)
[robosuite WARNING] To setup, run: python /home/danyoungday/miniconda3/envs/robosuite/lib/python3.10/site-packages/robosuite/scripts/setup_macros.py (macros.py:59)
[robosuite WARNING] No private macro file found! (macros.py:57)
[robosuite WARNING] It is recommended to use a private macro file (macros.py:58)
[robosuite WARNING] To setup, run: python /home/danyoungday/miniconda3/envs/robosuite/lib/python3.10/site-packages/robosuite/scripts/setup_macros.py (macros.py:59)
[robosuite WARNING] No private macro file found! (macros.py:57)
[robosuite WARNING] No private macro file found! (macros.py:57)
[robosuite WARNING] It is recommended to use a private macro file (macros.py:58)
[robosuite WARNING] It is recommended to use a private macro file (macros.py:58)
[robosuite WARNING] No private macro file found! (macros.py:57)
[robosuite WARNING] To setup, run: python /home/danyoungday/miniconda3/envs/robosuite/lib/python3.10/site-packages/robosuite/scripts/setup_macros.py (macros.py:59)
[robosuite WARNING] To setup, run: python /home/danyoungday/miniconda3/envs/robosuite/lib/python3.10/site-packages/robosuite/scripts/setup_macros.py (macros.py:59)
[robosuite WARNING] It is recommended to use a private macro file (macros.py:58)
[robosuite WARNING] To setup, run: python /home/danyoungday/miniconda3/envs/robosuite/lib/python3.10/site-packages/robosuite/scripts/setup_macros.py (macros.py:59)
[robosuite WARNING] No private macro file found! (macros.py:57)
[robosuite WARNING] It is recommended to use a private macro file (macros.py:58)
[robosuite WARNING] To setup, run: python /home/danyoungday/miniconda3/envs/robosuite/lib/python3.10/site-packages/robosuite/scripts/setup_macros.py (macros.py:59)
[robosuite WARNING] No private macro file found! (macros.py:57)
[robosuite WARNING] It is recommended to use a private macro file (macros.py:58)
[robosuite WARNING] To setup, run: python /home/danyoungday/miniconda3/envs/robosuite/lib/python3.10/site-packages/robosuite/scripts/setup_macros.py (macros.py:59)
[robosuite WARNING] No private macro file found! (macros.py:57)
[robosuite WARNING] It is recommended to use a private macro file (macros.py:58)
[robosuite WARNING] To setup, run: python /home/danyoungday/miniconda3/envs/robosuite/lib/python3.10/site-packages/robosuite/scripts/setup_macros.py (macros.py:59)
[robosuite WARNING] Could not import robosuite_models. Some robots may not be available. If you want to use these robots, please install robosuite_models from source (https://github.com/ARISE-Initiative/robosuite_models) or through pip install. (__init__.py:30)
[robosuite WARNING] Could not load the mink-based whole-body IK. Make sure you install related import properly, otherwise you will not be able to use the default IK controller setting for GR1 robot. (__init__.py:40)
[robosuite INFO] Loading controller configuration from: /home/danyoungday/miniconda3/envs/robosuite/lib/python3.10/site-packages/robosuite/controllers/config/robots/default_panda.json (composite_controller_factory.py:121)
[robosuite WARNING] Could not import robosuite_models. Some robots may not be available. If you want to use these robots, please install robosuite_models from source (https://github.com/ARISE-Initiative/robosuite_models) or through pip install. (__init__.py:30)
[robosuite WARNING] Could not load the mink-based whole-body IK. Make sure you install related import properly, otherwise you will not be able to use the default IK controller setting for GR1 robot. (__init__.py:40)
[robosuite INFO] Loading controller configuration from: /home/danyoungday/miniconda3/envs/robosuite/lib/python3.10/site-packages/robosuite/controllers/config/robots/default_panda.json (composite_controller_factory.py:121)
[robosuite WARNING] Could not import robosuite_models. Some robots may not be available. If you want to use these robots, please install robosuite_models from source (https://github.com/ARISE-Initiative/robosuite_models) or through pip install. (__init__.py:30)
[robosuite WARNING] Could not load the mink-based whole-body IK. Make sure you install related import properly, otherwise you will not be able to use the default IK controller setting for GR1 robot. (__init__.py:40)
[robosuite INFO] Loading controller configuration from: /home/danyoungday/miniconda3/envs/robosuite/lib/python3.10/site-packages/robosuite/controllers/config/robots/default_panda.json (composite_controller_factory.py:121)
[robosuite WARNING] Could not import robosuite_models. Some robots may not be available. If you want to use these robots, please install robosuite_models from source (https://github.com/ARISE-Initiative/robosuite_models) or through pip install. (__init__.py:30)
[robosuite WARNING] Could not load the mink-based whole-body IK. Make sure you install related import properly, otherwise you will not be able to use the default IK controller setting for GR1 robot. (__init__.py:40)
[robosuite INFO] Loading controller configuration from: /home/danyoungday/miniconda3/envs/robosuite/lib/python3.10/site-packages/robosuite/controllers/config/robots/default_panda.json (composite_controller_factory.py:121)
[robosuite WARNING] Could not import robosuite_models. Some robots may not be available. If you want to use these robots, please install robosuite_models from source (https://github.com/ARISE-Initiative/robosuite_models) or through pip install. (__init__.py:30)
[robosuite WARNING] Could not load the mink-based whole-body IK. Make sure you install related import properly, otherwise you will not be able to use the default IK controller setting for GR1 robot. (__init__.py:40)
[robosuite INFO] Loading controller configuration from: /home/danyoungday/miniconda3/envs/robosuite/lib/python3.10/site-packages/robosuite/controllers/config/robots/default_panda.json (composite_controller_factory.py:121)
[robosuite WARNING] Could not import robosuite_models. Some robots may not be available. If you want to use these robots, please install robosuite_models from source (https://github.com/ARISE-Initiative/robosuite_models) or through pip install. (__init__.py:30)
[robosuite WARNING] Could not load the mink-based whole-body IK. Make sure you install related import properly, otherwise you will not be able to use the default IK controller setting for GR1 robot. (__init__.py:40)
[robosuite INFO] Loading controller configuration from: /home/danyoungday/miniconda3/envs/robosuite/lib/python3.10/site-packages/robosuite/controllers/config/robots/default_panda.json (composite_controller_factory.py:121)
[robosuite WARNING] Could not import robosuite_models. Some robots may not be available. If you want to use these robots, please install robosuite_models from source (https://github.com/ARISE-Initiative/robosuite_models) or through pip install. (__init__.py:30)
[robosuite WARNING] Could not load the mink-based whole-body IK. Make sure you install related import properly, otherwise you will not be able to use the default IK controller setting for GR1 robot. (__init__.py:40)
[robosuite INFO] Loading controller configuration from: /home/danyoungday/miniconda3/envs/robosuite/lib/python3.10/site-packages/robosuite/controllers/config/robots/default_panda.json (composite_controller_factory.py:121)
[robosuite WARNING] Could not import robosuite_models. Some robots may not be available. If you want to use these robots, please install robosuite_models from source (https://github.com/ARISE-Initiative/robosuite_models) or through pip install. (__init__.py:30)
[robosuite WARNING] Could not load the mink-based whole-body IK. Make sure you install related import properly, otherwise you will not be able to use the default IK controller setting for GR1 robot. (__init__.py:40)
[robosuite INFO] Loading controller configuration from: /home/danyoungday/miniconda3/envs/robosuite/lib/python3.10/site-packages/robosuite/controllers/config/robots/default_panda.json (composite_controller_factory.py:121)
[robosuite WARNING] Could not import robosuite_models. Some robots may not be available. If you want to use these robots, please install robosuite_models from source (https://github.com/ARISE-Initiative/robosuite_models) or through pip install. (__init__.py:30)
[robosuite WARNING] Could not load the mink-based whole-body IK. Make sure you install related import properly, otherwise you will not be able to use the default IK controller setting for GR1 robot. (__init__.py:40)
[robosuite INFO] Loading controller configuration from: /home/danyoungday/miniconda3/envs/robosuite/lib/python3.10/site-packages/robosuite/controllers/config/robots/default_panda.json (composite_controller_factory.py:121)
[robosuite WARNING] Could not import robosuite_models. Some robots may not be available. If you want to use these robots, please install robosuite_models from source (https://github.com/ARISE-Initiative/robosuite_models) or through pip install. (__init__.py:30)
[robosuite WARNING] Could not load the mink-based whole-body IK. Make sure you install related import properly, otherwise you will not be able to use the default IK controller setting for GR1 robot. (__init__.py:40)
[robosuite INFO] Loading controller configuration from: /home/danyoungday/miniconda3/envs/robosuite/lib/python3.10/site-packages/robosuite/controllers/config/robots/default_panda.json (composite_controller_factory.py:121)
[robosuite WARNING] Could not import robosuite_models. Some robots may not be available. If you want to use these robots, please install robosuite_models from source (https://github.com/ARISE-Initiative/robosuite_models) or through pip install. (__init__.py:30)
[robosuite WARNING] Could not load the mink-based whole-body IK. Make sure you install related import properly, otherwise you will not be able to use the default IK controller setting for GR1 robot. (__init__.py:40)
[robosuite INFO] Loading controller configuration from: /home/danyoungday/miniconda3/envs/robosuite/lib/python3.10/site-packages/robosuite/controllers/config/robots/default_panda.json (composite_controller_factory.py:121)
[robosuite WARNING] Could not import robosuite_models. Some robots may not be available. If you want to use these robots, please install robosuite_models from source (https://github.com/ARISE-Initiative/robosuite_models) or through pip install. (__init__.py:30)
[robosuite WARNING] Could not load the mink-based whole-body IK. Make sure you install related import properly, otherwise you will not be able to use the default IK controller setting for GR1 robot. (__init__.py:40)
[robosuite INFO] Loading controller configuration from: /home/danyoungday/miniconda3/envs/robosuite/lib/python3.10/site-packages/robosuite/controllers/config/robots/default_panda.json (composite_controller_factory.py:121)
[robosuite WARNING] Could not import robosuite_models. Some robots may not be available. If you want to use these robots, please install robosuite_models from source (https://github.com/ARISE-Initiative/robosuite_models) or through pip install. (__init__.py:30)
[robosuite WARNING] Could not load the mink-based whole-body IK. Make sure you install related import properly, otherwise you will not be able to use the default IK controller setting for GR1 robot. (__init__.py:40)
[robosuite INFO] Loading controller configuration from: /home/danyoungday/miniconda3/envs/robosuite/lib/python3.10/site-packages/robosuite/controllers/config/robots/default_panda.json (composite_controller_factory.py:121)
[robosuite WARNING] Could not import robosuite_models. Some robots may not be available. If you want to use these robots, please install robosuite_models from source (https://github.com/ARISE-Initiative/robosuite_models) or through pip install. (__init__.py:30)
[robosuite WARNING] Could not load the mink-based whole-body IK. Make sure you install related import properly, otherwise you will not be able to use the default IK controller setting for GR1 robot. (__init__.py:40)
[robosuite INFO] Loading controller configuration from: /home/danyoungday/miniconda3/envs/robosuite/lib/python3.10/site-packages/robosuite/controllers/config/robots/default_panda.json (composite_controller_factory.py:121)
[robosuite WARNING] Could not import robosuite_models. Some robots may not be available. If you want to use these robots, please install robosuite_models from source (https://github.com/ARISE-Initiative/robosuite_models) or through pip install. (__init__.py:30)
[robosuite WARNING] Could not load the mink-based whole-body IK. Make sure you install related import properly, otherwise you will not be able to use the default IK controller setting for GR1 robot. (__init__.py:40)
[robosuite INFO] Loading controller configuration from: /home/danyoungday/miniconda3/envs/robosuite/lib/python3.10/site-packages/robosuite/controllers/config/robots/default_panda.json (composite_controller_factory.py:121)
[robosuite WARNING] Could not import robosuite_models. Some robots may not be available. If you want to use these robots, please install robosuite_models from source (https://github.com/ARISE-Initiative/robosuite_models) or through pip install. (__init__.py:30)
[robosuite WARNING] Could not load the mink-based whole-body IK. Make sure you install related import properly, otherwise you will not be able to use the default IK controller setting for GR1 robot. (__init__.py:40)
[robosuite WARNING] Could not import robosuite_models. Some robots may not be available. If you want to use these robots, please install robosuite_models from source (https://github.com/ARISE-Initiative/robosuite_models) or through pip install. (__init__.py:30)
[robosuite WARNING] Could not load the mink-based whole-body IK. Make sure you install related import properly, otherwise you will not be able to use the default IK controller setting for GR1 robot. (__init__.py:40)
[robosuite INFO] Loading controller configuration from: /home/danyoungday/miniconda3/envs/robosuite/lib/python3.10/site-packages/robosuite/controllers/config/robots/default_panda.json (composite_controller_factory.py:121)
[robosuite INFO] Loading controller configuration from: /home/danyoungday/miniconda3/envs/robosuite/lib/python3.10/site-packages/robosuite/controllers/config/robots/default_panda.json (composite_controller_factory.py:121)
[robosuite WARNING] Could not import robosuite_models. Some robots may not be available. If you want to use these robots, please install robosuite_models from source (https://github.com/ARISE-Initiative/robosuite_models) or through pip install. (__init__.py:30)
[robosuite WARNING] Could not load the mink-based whole-body IK. Make sure you install related import properly, otherwise you will not be able to use the default IK controller setting for GR1 robot. (__init__.py:40)
[robosuite INFO] Loading controller configuration from: /home/danyoungday/miniconda3/envs/robosuite/lib/python3.10/site-packages/robosuite/controllers/config/robots/default_panda.json (composite_controller_factory.py:121)
[robosuite WARNING] Could not import robosuite_models. Some robots may not be available. If you want to use these robots, please install robosuite_models from source (https://github.com/ARISE-Initiative/robosuite_models) or through pip install. (__init__.py:30)
[robosuite WARNING] Could not load the mink-based whole-body IK. Make sure you install related import properly, otherwise you will not be able to use the default IK controller setting for GR1 robot. (__init__.py:40)
[robosuite INFO] Loading controller configuration from: /home/danyoungday/miniconda3/envs/robosuite/lib/python3.10/site-packages/robosuite/controllers/config/robots/default_panda.json (composite_controller_factory.py:121)
[robosuite WARNING] Could not import robosuite_models. Some robots may not be available. If you want to use these robots, please install robosuite_models from source (https://github.com/ARISE-Initiative/robosuite_models) or through pip install. (__init__.py:30)
[robosuite WARNING] Could not load the mink-based whole-body IK. Make sure you install related import properly, otherwise you will not be able to use the default IK controller setting for GR1 robot. (__init__.py:40)
[robosuite INFO] Loading controller configuration from: /home/danyoungday/miniconda3/envs/robosuite/lib/python3.10/site-packages/robosuite/controllers/config/robots/default_panda.json (composite_controller_factory.py:121)
[robosuite WARNING] Could not import robosuite_models. Some robots may not be available. If you want to use these robots, please install robosuite_models from source (https://github.com/ARISE-Initiative/robosuite_models) or through pip install. (__init__.py:30)
[robosuite WARNING] Could not load the mink-based whole-body IK. Make sure you install related import properly, otherwise you will not be able to use the default IK controller setting for GR1 robot. (__init__.py:40)
[robosuite INFO] Loading controller configuration from: /home/danyoungday/miniconda3/envs/robosuite/lib/python3.10/site-packages/robosuite/controllers/config/robots/default_panda.json (composite_controller_factory.py:121)
[robosuite WARNING] Could not import robosuite_models. Some robots may not be available. If you want to use these robots, please install robosuite_models from source (https://github.com/ARISE-Initiative/robosuite_models) or through pip install. (__init__.py:30)
[robosuite WARNING] Could not load the mink-based whole-body IK. Make sure you install related import properly, otherwise you will not be able to use the default IK controller setting for GR1 robot. (__init__.py:40)
[robosuite INFO] Loading controller configuration from: /home/danyoungday/miniconda3/envs/robosuite/lib/python3.10/site-packages/robosuite/controllers/config/robots/default_panda.json (composite_controller_factory.py:121)
[robosuite WARNING] Could not import robosuite_models. Some robots may not be available. If you want to use these robots, please install robosuite_models from source (https://github.com/ARISE-Initiative/robosuite_models) or through pip install. (__init__.py:30)
[robosuite WARNING] Could not load the mink-based whole-body IK. Make sure you install related import properly, otherwise you will not be able to use the default IK controller setting for GR1 robot. (__init__.py:40)
[robosuite INFO] Loading controller configuration from: /home/danyoungday/miniconda3/envs/robosuite/lib/python3.10/site-packages/robosuite/controllers/config/robots/default_panda.json (composite_controller_factory.py:121)
[robosuite WARNING] Could not import robosuite_models. Some robots may not be available. If you want to use these robots, please install robosuite_models from source (https://github.com/ARISE-Initiative/robosuite_models) or through pip install. (__init__.py:30)
[robosuite WARNING] Could not load the mink-based whole-body IK. Make sure you install related import properly, otherwise you will not be able to use the default IK controller setting for GR1 robot. (__init__.py:40)
[robosuite INFO] Loading controller configuration from: /home/danyoungday/miniconda3/envs/robosuite/lib/python3.10/site-packages/robosuite/controllers/config/robots/default_panda.json (composite_controller_factory.py:121)
[robosuite WARNING] Could not import robosuite_models. Some robots may not be available. If you want to use these robots, please install robosuite_models from source (https://github.com/ARISE-Initiative/robosuite_models) or through pip install. (__init__.py:30)
[robosuite WARNING] Could not load the mink-based whole-body IK. Make sure you install related import properly, otherwise you will not be able to use the default IK controller setting for GR1 robot. (__init__.py:40)
[robosuite INFO] Loading controller configuration from: /home/danyoungday/miniconda3/envs/robosuite/lib/python3.10/site-packages/robosuite/controllers/config/robots/default_panda.json (composite_controller_factory.py:121)
[robosuite WARNING] Could not import robosuite_models. Some robots may not be available. If you want to use these robots, please install robosuite_models from source (https://github.com/ARISE-Initiative/robosuite_models) or through pip install. (__init__.py:30)
[robosuite WARNING] Could not load the mink-based whole-body IK. Make sure you install related import properly, otherwise you will not be able to use the default IK controller setting for GR1 robot. (__init__.py:40)
[robosuite WARNING] Could not import robosuite_models. Some robots may not be available. If you want to use these robots, please install robosuite_models from source (https://github.com/ARISE-Initiative/robosuite_models) or through pip install. (__init__.py:30)
[robosuite WARNING] Could not load the mink-based whole-body IK. Make sure you install related import properly, otherwise you will not be able to use the default IK controller setting for GR1 robot. (__init__.py:40)
[robosuite INFO] Loading controller configuration from: /home/danyoungday/miniconda3/envs/robosuite/lib/python3.10/site-packages/robosuite/controllers/config/robots/default_panda.json (composite_controller_factory.py:121)
[robosuite INFO] Loading controller configuration from: /home/danyoungday/miniconda3/envs/robosuite/lib/python3.10/site-packages/robosuite/controllers/config/robots/default_panda.json (composite_controller_factory.py:121)
[robosuite WARNING] Could not import robosuite_models. Some robots may not be available. If you want to use these robots, please install robosuite_models from source (https://github.com/ARISE-Initiative/robosuite_models) or through pip install. (__init__.py:30)
[robosuite WARNING] Could not load the mink-based whole-body IK. Make sure you install related import properly, otherwise you will not be able to use the default IK controller setting for GR1 robot. (__init__.py:40)
[robosuite INFO] Loading controller configuration from: /home/danyoungday/miniconda3/envs/robosuite/lib/python3.10/site-packages/robosuite/controllers/config/robots/default_panda.json (composite_controller_factory.py:121)
[robosuite WARNING] Could not import robosuite_models. Some robots may not be available. If you want to use these robots, please install robosuite_models from source (https://github.com/ARISE-Initiative/robosuite_models) or through pip install. (__init__.py:30)
[robosuite WARNING] Could not load the mink-based whole-body IK. Make sure you install related import properly, otherwise you will not be able to use the default IK controller setting for GR1 robot. (__init__.py:40)
[robosuite INFO] Loading controller configuration from: /home/danyoungday/miniconda3/envs/robosuite/lib/python3.10/site-packages/robosuite/controllers/config/robots/default_panda.json (composite_controller_factory.py:121)
[robosuite WARNING] Could not import robosuite_models. Some robots may not be available. If you want to use these robots, please install robosuite_models from source (https://github.com/ARISE-Initiative/robosuite_models) or through pip install. (__init__.py:30)
[robosuite WARNING] Could not import robosuite_models. Some robots may not be available. If you want to use these robots, please install robosuite_models from source (https://github.com/ARISE-Initiative/robosuite_models) or through pip install. (__init__.py:30)
[robosuite WARNING] Could not load the mink-based whole-body IK. Make sure you install related import properly, otherwise you will not be able to use the default IK controller setting for GR1 robot. (__init__.py:40)
[robosuite WARNING] Could not load the mink-based whole-body IK. Make sure you install related import properly, otherwise you will not be able to use the default IK controller setting for GR1 robot. (__init__.py:40)
[robosuite INFO] Loading controller configuration from: /home/danyoungday/miniconda3/envs/robosuite/lib/python3.10/site-packages/robosuite/controllers/config/robots/default_panda.json (composite_controller_factory.py:121)
[robosuite INFO] Loading controller configuration from: /home/danyoungday/miniconda3/envs/robosuite/lib/python3.10/site-packages/robosuite/controllers/config/robots/default_panda.json (composite_controller_factory.py:121)
[robosuite WARNING] Could not import robosuite_models. Some robots may not be available. If you want to use these robots, please install robosuite_models from source (https://github.com/ARISE-Initiative/robosuite_models) or through pip install. (__init__.py:30)
[robosuite WARNING] Could not load the mink-based whole-body IK. Make sure you install related import properly, otherwise you will not be able to use the default IK controller setting for GR1 robot. (__init__.py:40)
[robosuite WARNING] Could not import robosuite_models. Some robots may not be available. If you want to use these robots, please install robosuite_models from source (https://github.com/ARISE-Initiative/robosuite_models) or through pip install. (__init__.py:30)
[robosuite WARNING] Could not load the mink-based whole-body IK. Make sure you install related import properly, otherwise you will not be able to use the default IK controller setting for GR1 robot. (__init__.py:40)
[robosuite INFO] Loading controller configuration from: /home/danyoungday/miniconda3/envs/robosuite/lib/python3.10/site-packages/robosuite/controllers/config/robots/default_panda.json (composite_controller_factory.py:121)
[robosuite WARNING] Could not import robosuite_models. Some robots may not be available. If you want to use these robots, please install robosuite_models from source (https://github.com/ARISE-Initiative/robosuite_models) or through pip install. (__init__.py:30)
[robosuite WARNING] Could not load the mink-based whole-body IK. Make sure you install related import properly, otherwise you will not be able to use the default IK controller setting for GR1 robot. (__init__.py:40)
[robosuite INFO] Loading controller configuration from: /home/danyoungday/miniconda3/envs/robosuite/lib/python3.10/site-packages/robosuite/controllers/config/robots/default_panda.json (composite_controller_factory.py:121)
[robosuite WARNING] Could not import robosuite_models. Some robots may not be available. If you want to use these robots, please install robosuite_models from source (https://github.com/ARISE-Initiative/robosuite_models) or through pip install. (__init__.py:30)
[robosuite WARNING] Could not load the mink-based whole-body IK. Make sure you install related import properly, otherwise you will not be able to use the default IK controller setting for GR1 robot. (__init__.py:40)
[robosuite INFO] Loading controller configuration from: /home/danyoungday/miniconda3/envs/robosuite/lib/python3.10/site-packages/robosuite/controllers/config/robots/default_panda.json (composite_controller_factory.py:121)
[robosuite WARNING] Could not import robosuite_models. Some robots may not be available. If you want to use these robots, please install robosuite_models from source (https://github.com/ARISE-Initiative/robosuite_models) or through pip install. (__init__.py:30)
[robosuite WARNING] Could not load the mink-based whole-body IK. Make sure you install related import properly, otherwise you will not be able to use the default IK controller setting for GR1 robot. (__init__.py:40)
[robosuite INFO] Loading controller configuration from: /home/danyoungday/miniconda3/envs/robosuite/lib/python3.10/site-packages/robosuite/controllers/config/robots/default_panda.json (composite_controller_factory.py:121)
[robosuite WARNING] Could not import robosuite_models. Some robots may not be available. If you want to use these robots, please install robosuite_models from source (https://github.com/ARISE-Initiative/robosuite_models) or through pip install. (__init__.py:30)
[robosuite WARNING] Could not load the mink-based whole-body IK. Make sure you install related import properly, otherwise you will not be able to use the default IK controller setting for GR1 robot. (__init__.py:40)
[robosuite WARNING] Could not import robosuite_models. Some robots may not be available. If you want to use these robots, please install robosuite_models from source (https://github.com/ARISE-Initiative/robosuite_models) or through pip install. (__init__.py:30)
[robosuite WARNING] Could not load the mink-based whole-body IK. Make sure you install related import properly, otherwise you will not be able to use the default IK controller setting for GR1 robot. (__init__.py:40)
[robosuite INFO] Loading controller configuration from: /home/danyoungday/miniconda3/envs/robosuite/lib/python3.10/site-packages/robosuite/controllers/config/robots/default_panda.json (composite_controller_factory.py:121)
[robosuite WARNING] Could not import robosuite_models. Some robots may not be available. If you want to use these robots, please install robosuite_models from source (https://github.com/ARISE-Initiative/robosuite_models) or through pip install. (__init__.py:30)
[robosuite WARNING] Could not import robosuite_models. Some robots may not be available. If you want to use these robots, please install robosuite_models from source (https://github.com/ARISE-Initiative/robosuite_models) or through pip install. (__init__.py:30)
[robosuite WARNING] Could not load the mink-based whole-body IK. Make sure you install related import properly, otherwise you will not be able to use the default IK controller setting for GR1 robot. (__init__.py:40)
[robosuite WARNING] Could not load the mink-based whole-body IK. Make sure you install related import properly, otherwise you will not be able to use the default IK controller setting for GR1 robot. (__init__.py:40)
[robosuite INFO] Loading controller configuration from: /home/danyoungday/miniconda3/envs/robosuite/lib/python3.10/site-packages/robosuite/controllers/config/robots/default_panda.json (composite_controller_factory.py:121)
[robosuite WARNING] Could not import robosuite_models. Some robots may not be available. If you want to use these robots, please install robosuite_models from source (https://github.com/ARISE-Initiative/robosuite_models) or through pip install. (__init__.py:30)
[robosuite INFO] Loading controller configuration from: /home/danyoungday/miniconda3/envs/robosuite/lib/python3.10/site-packages/robosuite/controllers/config/robots/default_panda.json (composite_controller_factory.py:121)
[robosuite WARNING] Could not load the mink-based whole-body IK. Make sure you install related import properly, otherwise you will not be able to use the default IK controller setting for GR1 robot. (__init__.py:40)
[robosuite WARNING] Could not import robosuite_models. Some robots may not be available. If you want to use these robots, please install robosuite_models from source (https://github.com/ARISE-Initiative/robosuite_models) or through pip install. (__init__.py:30)
[robosuite WARNING] Could not load the mink-based whole-body IK. Make sure you install related import properly, otherwise you will not be able to use the default IK controller setting for GR1 robot. (__init__.py:40)
[robosuite INFO] Loading controller configuration from: /home/danyoungday/miniconda3/envs/robosuite/lib/python3.10/site-packages/robosuite/controllers/config/robots/default_panda.json (composite_controller_factory.py:121)
[robosuite INFO] Loading controller configuration from: /home/danyoungday/miniconda3/envs/robosuite/lib/python3.10/site-packages/robosuite/controllers/config/robots/default_panda.json (composite_controller_factory.py:121)
[robosuite WARNING] Could not import robosuite_models. Some robots may not be available. If you want to use these robots, please install robosuite_models from source (https://github.com/ARISE-Initiative/robosuite_models) or through pip install. (__init__.py:30)
[robosuite WARNING] Could not load the mink-based whole-body IK. Make sure you install related import properly, otherwise you will not be able to use the default IK controller setting for GR1 robot. (__init__.py:40)
[robosuite INFO] Loading controller configuration from: /home/danyoungday/miniconda3/envs/robosuite/lib/python3.10/site-packages/robosuite/controllers/config/robots/default_panda.json (composite_controller_factory.py:121)
[robosuite INFO] Loading controller configuration from: /home/danyoungday/miniconda3/envs/robosuite/lib/python3.10/site-packages/robosuite/controllers/config/robots/default_panda.json (composite_controller_factory.py:121)
[robosuite INFO] Loading controller configuration from: /home/danyoungday/miniconda3/envs/robosuite/lib/python3.10/site-packages/robosuite/controllers/config/robots/default_panda.json (composite_controller_factory.py:121)
[robosuite WARNING] Could not import robosuite_models. Some robots may not be available. If you want to use these robots, please install robosuite_models from source (https://github.com/ARISE-Initiative/robosuite_models) or through pip install. (__init__.py:30)
[robosuite WARNING] Could not load the mink-based whole-body IK. Make sure you install related import properly, otherwise you will not be able to use the default IK controller setting for GR1 robot. (__init__.py:40)
[robosuite INFO] Loading controller configuration from: /home/danyoungday/miniconda3/envs/robosuite/lib/python3.10/site-packages/robosuite/controllers/config/robots/default_panda.json (composite_controller_factory.py:121)
[robosuite WARNING] Could not import robosuite_models. Some robots may not be available. If you want to use these robots, please install robosuite_models from source (https://github.com/ARISE-Initiative/robosuite_models) or through pip install. (__init__.py:30)
[robosuite WARNING] Could not load the mink-based whole-body IK. Make sure you install related import properly, otherwise you will not be able to use the default IK controller setting for GR1 robot. (__init__.py:40)
[robosuite WARNING] Could not import robosuite_models. Some robots may not be available. If you want to use these robots, please install robosuite_models from source (https://github.com/ARISE-Initiative/robosuite_models) or through pip install. (__init__.py:30)
[robosuite WARNING] Could not load the mink-based whole-body IK. Make sure you install related import properly, otherwise you will not be able to use the default IK controller setting for GR1 robot. (__init__.py:40)
[robosuite INFO] Loading controller configuration from: /home/danyoungday/miniconda3/envs/robosuite/lib/python3.10/site-packages/robosuite/controllers/config/robots/default_panda.json (composite_controller_factory.py:121)
[robosuite INFO] Loading controller configuration from: /home/danyoungday/miniconda3/envs/robosuite/lib/python3.10/site-packages/robosuite/controllers/config/robots/default_panda.json (composite_controller_factory.py:121)
[robosuite WARNING] Could not import robosuite_models. Some robots may not be available. If you want to use these robots, please install robosuite_models from source (https://github.com/ARISE-Initiative/robosuite_models) or through pip install. (__init__.py:30)
[robosuite WARNING] Could not load the mink-based whole-body IK. Make sure you install related import properly, otherwise you will not be able to use the default IK controller setting for GR1 robot. (__init__.py:40)
[robosuite WARNING] Could not import robosuite_models. Some robots may not be available. If you want to use these robots, please install robosuite_models from source (https://github.com/ARISE-Initiative/robosuite_models) or through pip install. (__init__.py:30)
[robosuite WARNING] Could not load the mink-based whole-body IK. Make sure you install related import properly, otherwise you will not be able to use the default IK controller setting for GR1 robot. (__init__.py:40)
[robosuite INFO] Loading controller configuration from: /home/danyoungday/miniconda3/envs/robosuite/lib/python3.10/site-packages/robosuite/controllers/config/robots/default_panda.json (composite_controller_factory.py:121)
[robosuite INFO] Loading controller configuration from: /home/danyoungday/miniconda3/envs/robosuite/lib/python3.10/site-packages/robosuite/controllers/config/robots/default_panda.json (composite_controller_factory.py:121)
[robosuite WARNING] Could not import robosuite_models. Some robots may not be available. If you want to use these robots, please install robosuite_models from source (https://github.com/ARISE-Initiative/robosuite_models) or through pip install. (__init__.py:30)
[robosuite WARNING] Could not load the mink-based whole-body IK. Make sure you install related import properly, otherwise you will not be able to use the default IK controller setting for GR1 robot. (__init__.py:40)
[robosuite INFO] Loading controller configuration from: /home/danyoungday/miniconda3/envs/robosuite/lib/python3.10/site-packages/robosuite/controllers/config/robots/default_panda.json (composite_controller_factory.py:121)
[robosuite WARNING] Could not import robosuite_models. Some robots may not be available. If you want to use these robots, please install robosuite_models from source (https://github.com/ARISE-Initiative/robosuite_models) or through pip install. (__init__.py:30)
[robosuite WARNING] Could not load the mink-based whole-body IK. Make sure you install related import properly, otherwise you will not be able to use the default IK controller setting for GR1 robot. (__init__.py:40)
[robosuite INFO] Loading controller configuration from: /home/danyoungday/miniconda3/envs/robosuite/lib/python3.10/site-packages/robosuite/controllers/config/robots/default_panda.json (composite_controller_factory.py:121)
[robosuite WARNING] Could not import robosuite_models. Some robots may not be available. If you want to use these robots, please install robosuite_models from source (https://github.com/ARISE-Initiative/robosuite_models) or through pip install. (__init__.py:30)
[robosuite WARNING] Could not load the mink-based whole-body IK. Make sure you install related import properly, otherwise you will not be able to use the default IK controller setting for GR1 robot. (__init__.py:40)
[robosuite INFO] Loading controller configuration from: /home/danyoungday/miniconda3/envs/robosuite/lib/python3.10/site-packages/robosuite/controllers/config/robots/default_panda.json (composite_controller_factory.py:121)
[robosuite WARNING] Could not import robosuite_models. Some robots may not be available. If you want to use these robots, please install robosuite_models from source (https://github.com/ARISE-Initiative/robosuite_models) or through pip install. (__init__.py:30)
[robosuite WARNING] Could not load the mink-based whole-body IK. Make sure you install related import properly, otherwise you will not be able to use the default IK controller setting for GR1 robot. (__init__.py:40)
[robosuite INFO] Loading controller configuration from: /home/danyoungday/miniconda3/envs/robosuite/lib/python3.10/site-packages/robosuite/controllers/config/robots/default_panda.json (composite_controller_factory.py:121)
[robosuite WARNING] Could not import robosuite_models. Some robots may not be available. If you want to use these robots, please install robosuite_models from source (https://github.com/ARISE-Initiative/robosuite_models) or through pip install. (__init__.py:30)
[robosuite WARNING] Could not load the mink-based whole-body IK. Make sure you install related import properly, otherwise you will not be able to use the default IK controller setting for GR1 robot. (__init__.py:40)
[robosuite INFO] Loading controller configuration from: /home/danyoungday/miniconda3/envs/robosuite/lib/python3.10/site-packages/robosuite/controllers/config/robots/default_panda.json (composite_controller_factory.py:121)
[robosuite WARNING] Could not import robosuite_models. Some robots may not be available. If you want to use these robots, please install robosuite_models from source (https://github.com/ARISE-Initiative/robosuite_models) or through pip install. (__init__.py:30)
[robosuite WARNING] Could not load the mink-based whole-body IK. Make sure you install related import properly, otherwise you will not be able to use the default IK controller setting for GR1 robot. (__init__.py:40)
[robosuite INFO] Loading controller configuration from: /home/danyoungday/miniconda3/envs/robosuite/lib/python3.10/site-packages/robosuite/controllers/config/robots/default_panda.json (composite_controller_factory.py:121)
[robosuite WARNING] Could not import robosuite_models. Some robots may not be available. If you want to use these robots, please install robosuite_models from source (https://github.com/ARISE-Initiative/robosuite_models) or through pip install. (__init__.py:30)
[robosuite WARNING] Could not load the mink-based whole-body IK. Make sure you install related import properly, otherwise you will not be able to use the default IK controller setting for GR1 robot. (__init__.py:40)
[robosuite WARNING] Could not import robosuite_models. Some robots may not be available. If you want to use these robots, please install robosuite_models from source (https://github.com/ARISE-Initiative/robosuite_models) or through pip install. (__init__.py:30)
[robosuite WARNING] Could not load the mink-based whole-body IK. Make sure you install related import properly, otherwise you will not be able to use the default IK controller setting for GR1 robot. (__init__.py:40)
[robosuite INFO] Loading controller configuration from: /home/danyoungday/miniconda3/envs/robosuite/lib/python3.10/site-packages/robosuite/controllers/config/robots/default_panda.json (composite_controller_factory.py:121)
[robosuite INFO] Loading controller configuration from: /home/danyoungday/miniconda3/envs/robosuite/lib/python3.10/site-packages/robosuite/controllers/config/robots/default_panda.json (composite_controller_factory.py:121)
[robosuite WARNING] Could not import robosuite_models. Some robots may not be available. If you want to use these robots, please install robosuite_models from source (https://github.com/ARISE-Initiative/robosuite_models) or through pip install. (__init__.py:30)
[robosuite WARNING] Could not load the mink-based whole-body IK. Make sure you install related import properly, otherwise you will not be able to use the default IK controller setting for GR1 robot. (__init__.py:40)
[robosuite WARNING] Could not import robosuite_models. Some robots may not be available. If you want to use these robots, please install robosuite_models from source (https://github.com/ARISE-Initiative/robosuite_models) or through pip install. (__init__.py:30)
[robosuite WARNING] Could not load the mink-based whole-body IK. Make sure you install related import properly, otherwise you will not be able to use the default IK controller setting for GR1 robot. (__init__.py:40)
[robosuite WARNING] Could not import robosuite_models. Some robots may not be available. If you want to use these robots, please install robosuite_models from source (https://github.com/ARISE-Initiative/robosuite_models) or through pip install. (__init__.py:30)
[robosuite WARNING] Could not load the mink-based whole-body IK. Make sure you install related import properly, otherwise you will not be able to use the default IK controller setting for GR1 robot. (__init__.py:40)
[robosuite INFO] Loading controller configuration from: /home/danyoungday/miniconda3/envs/robosuite/lib/python3.10/site-packages/robosuite/controllers/config/robots/default_panda.json (composite_controller_factory.py:121)
[robosuite INFO] Loading controller configuration from: /home/danyoungday/miniconda3/envs/robosuite/lib/python3.10/site-packages/robosuite/controllers/config/robots/default_panda.json (composite_controller_factory.py:121)
[robosuite INFO] Loading controller configuration from: /home/danyoungday/miniconda3/envs/robosuite/lib/python3.10/site-packages/robosuite/controllers/config/robots/default_panda.json (composite_controller_factory.py:121)
[robosuite WARNING] Could not import robosuite_models. Some robots may not be available. If you want to use these robots, please install robosuite_models from source (https://github.com/ARISE-Initiative/robosuite_models) or through pip install. (__init__.py:30)
[robosuite WARNING] Could not load the mink-based whole-body IK. Make sure you install related import properly, otherwise you will not be able to use the default IK controller setting for GR1 robot. (__init__.py:40)
[robosuite INFO] Loading controller configuration from: /home/danyoungday/miniconda3/envs/robosuite/lib/python3.10/site-packages/robosuite/controllers/config/robots/default_panda.json (composite_controller_factory.py:121)
[robosuite WARNING] Could not import robosuite_models. Some robots may not be available. If you want to use these robots, please install robosuite_models from source (https://github.com/ARISE-Initiative/robosuite_models) or through pip install. (__init__.py:30)
[robosuite WARNING] Could not load the mink-based whole-body IK. Make sure you install related import properly, otherwise you will not be able to use the default IK controller setting for GR1 robot. (__init__.py:40)
[robosuite INFO] Loading controller configuration from: /home/danyoungday/miniconda3/envs/robosuite/lib/python3.10/site-packages/robosuite/controllers/config/robots/default_panda.json (composite_controller_factory.py:121)
[robosuite WARNING] Could not import robosuite_models. Some robots may not be available. If you want to use these robots, please install robosuite_models from source (https://github.com/ARISE-Initiative/robosuite_models) or through pip install. (__init__.py:30)
[robosuite WARNING] Could not load the mink-based whole-body IK. Make sure you install related import properly, otherwise you will not be able to use the default IK controller setting for GR1 robot. (__init__.py:40)
[robosuite INFO] Loading controller configuration from: /home/danyoungday/miniconda3/envs/robosuite/lib/python3.10/site-packages/robosuite/controllers/config/robots/default_panda.json (composite_controller_factory.py:121)
/home/danyoungday/miniconda3/envs/robosuite/lib/python3.10/site-packages/gymnasium/spaces/box.py:236: UserWarning: [33mWARN: Box low's precision lowered by casting to float32, current low.dtype=float64[0m
  gym.logger.warn(
/home/danyoungday/miniconda3/envs/robosuite/lib/python3.10/site-packages/gymnasium/spaces/box.py:306: UserWarning: [33mWARN: Box high's precision lowered by casting to float32, current high.dtype=float64[0m
  gym.logger.warn(
/home/danyoungday/miniconda3/envs/robosuite/lib/python3.10/site-packages/gymnasium/spaces/box.py:236: UserWarning: [33mWARN: Box low's precision lowered by casting to float32, current low.dtype=float64[0m
  gym.logger.warn(
/home/danyoungday/miniconda3/envs/robosuite/lib/python3.10/site-packages/gymnasium/spaces/box.py:306: UserWarning: [33mWARN: Box high's precision lowered by casting to float32, current high.dtype=float64[0m
  gym.logger.warn(
/home/danyoungday/miniconda3/envs/robosuite/lib/python3.10/site-packages/gymnasium/spaces/box.py:236: UserWarning: [33mWARN: Box low's precision lowered by casting to float32, current low.dtype=float64[0m
  gym.logger.warn(
/home/danyoungday/miniconda3/envs/robosuite/lib/python3.10/site-packages/gymnasium/spaces/box.py:306: UserWarning: [33mWARN: Box high's precision lowered by casting to float32, current high.dtype=float64[0m
  gym.logger.warn(
/home/danyoungday/miniconda3/envs/robosuite/lib/python3.10/site-packages/gymnasium/spaces/box.py:236: UserWarning: [33mWARN: Box low's precision lowered by casting to float32, current low.dtype=float64[0m
  gym.logger.warn(
/home/danyoungday/miniconda3/envs/robosuite/lib/python3.10/site-packages/gymnasium/spaces/box.py:306: UserWarning: [33mWARN: Box high's precision lowered by casting to float32, current high.dtype=float64[0m
  gym.logger.warn(
/home/danyoungday/miniconda3/envs/robosuite/lib/python3.10/site-packages/gymnasium/spaces/box.py:236: UserWarning: [33mWARN: Box low's precision lowered by casting to float32, current low.dtype=float64[0m
  gym.logger.warn(
/home/danyoungday/miniconda3/envs/robosuite/lib/python3.10/site-packages/gymnasium/spaces/box.py:306: UserWarning: [33mWARN: Box high's precision lowered by casting to float32, current high.dtype=float64[0m
  gym.logger.warn(
/home/danyoungday/miniconda3/envs/robosuite/lib/python3.10/site-packages/gymnasium/spaces/box.py:236: UserWarning: [33mWARN: Box low's precision lowered by casting to float32, current low.dtype=float64[0m
  gym.logger.warn(
/home/danyoungday/miniconda3/envs/robosuite/lib/python3.10/site-packages/gymnasium/spaces/box.py:306: UserWarning: [33mWARN: Box high's precision lowered by casting to float32, current high.dtype=float64[0m
  gym.logger.warn(
/home/danyoungday/miniconda3/envs/robosuite/lib/python3.10/site-packages/gymnasium/spaces/box.py:236: UserWarning: [33mWARN: Box low's precision lowered by casting to float32, current low.dtype=float64[0m
  gym.logger.warn(
/home/danyoungday/miniconda3/envs/robosuite/lib/python3.10/site-packages/gymnasium/spaces/box.py:306: UserWarning: [33mWARN: Box high's precision lowered by casting to float32, current high.dtype=float64[0m
  gym.logger.warn(
/home/danyoungday/miniconda3/envs/robosuite/lib/python3.10/site-packages/gymnasium/spaces/box.py:236: UserWarning: [33mWARN: Box low's precision lowered by casting to float32, current low.dtype=float64[0m
  gym.logger.warn(
/home/danyoungday/miniconda3/envs/robosuite/lib/python3.10/site-packages/gymnasium/spaces/box.py:306: UserWarning: [33mWARN: Box high's precision lowered by casting to float32, current high.dtype=float64[0m
  gym.logger.warn(
/home/danyoungday/miniconda3/envs/robosuite/lib/python3.10/site-packages/gymnasium/spaces/box.py:236: UserWarning: [33mWARN: Box low's precision lowered by casting to float32, current low.dtype=float64[0m
  gym.logger.warn(
/home/danyoungday/miniconda3/envs/robosuite/lib/python3.10/site-packages/gymnasium/spaces/box.py:306: UserWarning: [33mWARN: Box high's precision lowered by casting to float32, current high.dtype=float64[0m
  gym.logger.warn(
/home/danyoungday/miniconda3/envs/robosuite/lib/python3.10/site-packages/gymnasium/spaces/box.py:236: UserWarning: [33mWARN: Box low's precision lowered by casting to float32, current low.dtype=float64[0m
  gym.logger.warn(
/home/danyoungday/miniconda3/envs/robosuite/lib/python3.10/site-packages/gymnasium/spaces/box.py:306: UserWarning: [33mWARN: Box high's precision lowered by casting to float32, current high.dtype=float64[0m
  gym.logger.warn(
/home/danyoungday/miniconda3/envs/robosuite/lib/python3.10/site-packages/gymnasium/spaces/box.py:236: UserWarning: [33mWARN: Box low's precision lowered by casting to float32, current low.dtype=float64[0m
  gym.logger.warn(
/home/danyoungday/miniconda3/envs/robosuite/lib/python3.10/site-packages/gymnasium/spaces/box.py:306: UserWarning: [33mWARN: Box high's precision lowered by casting to float32, current high.dtype=float64[0m
  gym.logger.warn(
/home/danyoungday/miniconda3/envs/robosuite/lib/python3.10/site-packages/gymnasium/spaces/box.py:236: UserWarning: [33mWARN: Box low's precision lowered by casting to float32, current low.dtype=float64[0m
  gym.logger.warn(
/home/danyoungday/miniconda3/envs/robosuite/lib/python3.10/site-packages/gymnasium/spaces/box.py:306: UserWarning: [33mWARN: Box high's precision lowered by casting to float32, current high.dtype=float64[0m
  gym.logger.warn(
/home/danyoungday/miniconda3/envs/robosuite/lib/python3.10/site-packages/gymnasium/spaces/box.py:236: UserWarning: [33mWARN: Box low's precision lowered by casting to float32, current low.dtype=float64[0m
  gym.logger.warn(
/home/danyoungday/miniconda3/envs/robosuite/lib/python3.10/site-packages/gymnasium/spaces/box.py:306: UserWarning: [33mWARN: Box high's precision lowered by casting to float32, current high.dtype=float64[0m
  gym.logger.warn(
/home/danyoungday/miniconda3/envs/robosuite/lib/python3.10/site-packages/gymnasium/spaces/box.py:236: UserWarning: [33mWARN: Box low's precision lowered by casting to float32, current low.dtype=float64[0m
  gym.logger.warn(
/home/danyoungday/miniconda3/envs/robosuite/lib/python3.10/site-packages/gymnasium/spaces/box.py:306: UserWarning: [33mWARN: Box high's precision lowered by casting to float32, current high.dtype=float64[0m
  gym.logger.warn(
/home/danyoungday/miniconda3/envs/robosuite/lib/python3.10/site-packages/gymnasium/spaces/box.py:236: UserWarning: [33mWARN: Box low's precision lowered by casting to float32, current low.dtype=float64[0m
  gym.logger.warn(
/home/danyoungday/miniconda3/envs/robosuite/lib/python3.10/site-packages/gymnasium/spaces/box.py:306: UserWarning: [33mWARN: Box high's precision lowered by casting to float32, current high.dtype=float64[0m
  gym.logger.warn(
/home/danyoungday/miniconda3/envs/robosuite/lib/python3.10/site-packages/gymnasium/spaces/box.py:236: UserWarning: [33mWARN: Box low's precision lowered by casting to float32, current low.dtype=float64[0m
  gym.logger.warn(
/home/danyoungday/miniconda3/envs/robosuite/lib/python3.10/site-packages/gymnasium/spaces/box.py:306: UserWarning: [33mWARN: Box high's precision lowered by casting to float32, current high.dtype=float64[0m
  gym.logger.warn(
/home/danyoungday/miniconda3/envs/robosuite/lib/python3.10/site-packages/gymnasium/spaces/box.py:236: UserWarning: [33mWARN: Box low's precision lowered by casting to float32, current low.dtype=float64[0m
  gym.logger.warn(
/home/danyoungday/miniconda3/envs/robosuite/lib/python3.10/site-packages/gymnasium/spaces/box.py:306: UserWarning: [33mWARN: Box high's precision lowered by casting to float32, current high.dtype=float64[0m
  gym.logger.warn(
/home/danyoungday/miniconda3/envs/robosuite/lib/python3.10/site-packages/gymnasium/spaces/box.py:236: UserWarning: [33mWARN: Box low's precision lowered by casting to float32, current low.dtype=float64[0m
  gym.logger.warn(
/home/danyoungday/miniconda3/envs/robosuite/lib/python3.10/site-packages/gymnasium/spaces/box.py:306: UserWarning: [33mWARN: Box high's precision lowered by casting to float32, current high.dtype=float64[0m
  gym.logger.warn(
/home/danyoungday/miniconda3/envs/robosuite/lib/python3.10/site-packages/gymnasium/spaces/box.py:236: UserWarning: [33mWARN: Box low's precision lowered by casting to float32, current low.dtype=float64[0m
  gym.logger.warn(
/home/danyoungday/miniconda3/envs/robosuite/lib/python3.10/site-packages/gymnasium/spaces/box.py:306: UserWarning: [33mWARN: Box high's precision lowered by casting to float32, current high.dtype=float64[0m
  gym.logger.warn(
/home/danyoungday/miniconda3/envs/robosuite/lib/python3.10/site-packages/gymnasium/spaces/box.py:236: UserWarning: [33mWARN: Box low's precision lowered by casting to float32, current low.dtype=float64[0m
  gym.logger.warn(
/home/danyoungday/miniconda3/envs/robosuite/lib/python3.10/site-packages/gymnasium/spaces/box.py:306: UserWarning: [33mWARN: Box high's precision lowered by casting to float32, current high.dtype=float64[0m
  gym.logger.warn(
/home/danyoungday/miniconda3/envs/robosuite/lib/python3.10/site-packages/gymnasium/spaces/box.py:236: UserWarning: [33mWARN: Box low's precision lowered by casting to float32, current low.dtype=float64[0m
  gym.logger.warn(
/home/danyoungday/miniconda3/envs/robosuite/lib/python3.10/site-packages/gymnasium/spaces/box.py:306: UserWarning: [33mWARN: Box high's precision lowered by casting to float32, current high.dtype=float64[0m
  gym.logger.warn(
/home/danyoungday/miniconda3/envs/robosuite/lib/python3.10/site-packages/gymnasium/spaces/box.py:236: UserWarning: [33mWARN: Box low's precision lowered by casting to float32, current low.dtype=float64[0m
  gym.logger.warn(
/home/danyoungday/miniconda3/envs/robosuite/lib/python3.10/site-packages/gymnasium/spaces/box.py:306: UserWarning: [33mWARN: Box high's precision lowered by casting to float32, current high.dtype=float64[0m
  gym.logger.warn(
/home/danyoungday/miniconda3/envs/robosuite/lib/python3.10/site-packages/gymnasium/spaces/box.py:236: UserWarning: [33mWARN: Box low's precision lowered by casting to float32, current low.dtype=float64[0m
  gym.logger.warn(
/home/danyoungday/miniconda3/envs/robosuite/lib/python3.10/site-packages/gymnasium/spaces/box.py:306: UserWarning: [33mWARN: Box high's precision lowered by casting to float32, current high.dtype=float64[0m
  gym.logger.warn(
/home/danyoungday/miniconda3/envs/robosuite/lib/python3.10/site-packages/gymnasium/spaces/box.py:236: UserWarning: [33mWARN: Box low's precision lowered by casting to float32, current low.dtype=float64[0m
  gym.logger.warn(
/home/danyoungday/miniconda3/envs/robosuite/lib/python3.10/site-packages/gymnasium/spaces/box.py:236: UserWarning: [33mWARN: Box low's precision lowered by casting to float32, current low.dtype=float64[0m
  gym.logger.warn(
/home/danyoungday/miniconda3/envs/robosuite/lib/python3.10/site-packages/gymnasium/spaces/box.py:306: UserWarning: [33mWARN: Box high's precision lowered by casting to float32, current high.dtype=float64[0m
  gym.logger.warn(
/home/danyoungday/miniconda3/envs/robosuite/lib/python3.10/site-packages/gymnasium/spaces/box.py:306: UserWarning: [33mWARN: Box high's precision lowered by casting to float32, current high.dtype=float64[0m
  gym.logger.warn(
/home/danyoungday/miniconda3/envs/robosuite/lib/python3.10/site-packages/gymnasium/spaces/box.py:236: UserWarning: [33mWARN: Box low's precision lowered by casting to float32, current low.dtype=float64[0m
  gym.logger.warn(
/home/danyoungday/miniconda3/envs/robosuite/lib/python3.10/site-packages/gymnasium/spaces/box.py:236: UserWarning: [33mWARN: Box low's precision lowered by casting to float32, current low.dtype=float64[0m
  gym.logger.warn(
/home/danyoungday/miniconda3/envs/robosuite/lib/python3.10/site-packages/gymnasium/spaces/box.py:306: UserWarning: [33mWARN: Box high's precision lowered by casting to float32, current high.dtype=float64[0m
  gym.logger.warn(
/home/danyoungday/miniconda3/envs/robosuite/lib/python3.10/site-packages/gymnasium/spaces/box.py:306: UserWarning: [33mWARN: Box high's precision lowered by casting to float32, current high.dtype=float64[0m
  gym.logger.warn(
/home/danyoungday/miniconda3/envs/robosuite/lib/python3.10/site-packages/gymnasium/spaces/box.py:236: UserWarning: [33mWARN: Box low's precision lowered by casting to float32, current low.dtype=float64[0m
  gym.logger.warn(
/home/danyoungday/miniconda3/envs/robosuite/lib/python3.10/site-packages/gymnasium/spaces/box.py:306: UserWarning: [33mWARN: Box high's precision lowered by casting to float32, current high.dtype=float64[0m
  gym.logger.warn(
/home/danyoungday/miniconda3/envs/robosuite/lib/python3.10/site-packages/gymnasium/spaces/box.py:236: UserWarning: [33mWARN: Box low's precision lowered by casting to float32, current low.dtype=float64[0m
  gym.logger.warn(
/home/danyoungday/miniconda3/envs/robosuite/lib/python3.10/site-packages/gymnasium/spaces/box.py:306: UserWarning: [33mWARN: Box high's precision lowered by casting to float32, current high.dtype=float64[0m
  gym.logger.warn(
/home/danyoungday/miniconda3/envs/robosuite/lib/python3.10/site-packages/gymnasium/spaces/box.py:236: UserWarning: [33mWARN: Box low's precision lowered by casting to float32, current low.dtype=float64[0m
  gym.logger.warn(
/home/danyoungday/miniconda3/envs/robosuite/lib/python3.10/site-packages/gymnasium/spaces/box.py:306: UserWarning: [33mWARN: Box high's precision lowered by casting to float32, current high.dtype=float64[0m
  gym.logger.warn(
/home/danyoungday/miniconda3/envs/robosuite/lib/python3.10/site-packages/gymnasium/spaces/box.py:236: UserWarning: [33mWARN: Box low's precision lowered by casting to float32, current low.dtype=float64[0m
  gym.logger.warn(
/home/danyoungday/miniconda3/envs/robosuite/lib/python3.10/site-packages/gymnasium/spaces/box.py:236: UserWarning: [33mWARN: Box low's precision lowered by casting to float32, current low.dtype=float64[0m
  gym.logger.warn(
/home/danyoungday/miniconda3/envs/robosuite/lib/python3.10/site-packages/gymnasium/spaces/box.py:306: UserWarning: [33mWARN: Box high's precision lowered by casting to float32, current high.dtype=float64[0m
  gym.logger.warn(
/home/danyoungday/miniconda3/envs/robosuite/lib/python3.10/site-packages/gymnasium/spaces/box.py:306: UserWarning: [33mWARN: Box high's precision lowered by casting to float32, current high.dtype=float64[0m
  gym.logger.warn(
/home/danyoungday/miniconda3/envs/robosuite/lib/python3.10/site-packages/gymnasium/spaces/box.py:236: UserWarning: [33mWARN: Box low's precision lowered by casting to float32, current low.dtype=float64[0m
  gym.logger.warn(
/home/danyoungday/miniconda3/envs/robosuite/lib/python3.10/site-packages/gymnasium/spaces/box.py:306: UserWarning: [33mWARN: Box high's precision lowered by casting to float32, current high.dtype=float64[0m
  gym.logger.warn(
/home/danyoungday/miniconda3/envs/robosuite/lib/python3.10/site-packages/gymnasium/spaces/box.py:236: UserWarning: [33mWARN: Box low's precision lowered by casting to float32, current low.dtype=float64[0m
  gym.logger.warn(
/home/danyoungday/miniconda3/envs/robosuite/lib/python3.10/site-packages/gymnasium/spaces/box.py:306: UserWarning: [33mWARN: Box high's precision lowered by casting to float32, current high.dtype=float64[0m
  gym.logger.warn(
/home/danyoungday/miniconda3/envs/robosuite/lib/python3.10/site-packages/gymnasium/spaces/box.py:236: UserWarning: [33mWARN: Box low's precision lowered by casting to float32, current low.dtype=float64[0m
  gym.logger.warn(
/home/danyoungday/miniconda3/envs/robosuite/lib/python3.10/site-packages/gymnasium/spaces/box.py:306: UserWarning: [33mWARN: Box high's precision lowered by casting to float32, current high.dtype=float64[0m
  gym.logger.warn(
/home/danyoungday/miniconda3/envs/robosuite/lib/python3.10/site-packages/gymnasium/spaces/box.py:236: UserWarning: [33mWARN: Box low's precision lowered by casting to float32, current low.dtype=float64[0m
  gym.logger.warn(
/home/danyoungday/miniconda3/envs/robosuite/lib/python3.10/site-packages/gymnasium/spaces/box.py:306: UserWarning: [33mWARN: Box high's precision lowered by casting to float32, current high.dtype=float64[0m
  gym.logger.warn(
/home/danyoungday/miniconda3/envs/robosuite/lib/python3.10/site-packages/gymnasium/spaces/box.py:236: UserWarning: [33mWARN: Box low's precision lowered by casting to float32, current low.dtype=float64[0m
  gym.logger.warn(
/home/danyoungday/miniconda3/envs/robosuite/lib/python3.10/site-packages/gymnasium/spaces/box.py:306: UserWarning: [33mWARN: Box high's precision lowered by casting to float32, current high.dtype=float64[0m
  gym.logger.warn(
/home/danyoungday/miniconda3/envs/robosuite/lib/python3.10/site-packages/gymnasium/spaces/box.py:236: UserWarning: [33mWARN: Box low's precision lowered by casting to float32, current low.dtype=float64[0m
  gym.logger.warn(
/home/danyoungday/miniconda3/envs/robosuite/lib/python3.10/site-packages/gymnasium/spaces/box.py:306: UserWarning: [33mWARN: Box high's precision lowered by casting to float32, current high.dtype=float64[0m
  gym.logger.warn(
/home/danyoungday/miniconda3/envs/robosuite/lib/python3.10/site-packages/gymnasium/spaces/box.py:236: UserWarning: [33mWARN: Box low's precision lowered by casting to float32, current low.dtype=float64[0m
  gym.logger.warn(
/home/danyoungday/miniconda3/envs/robosuite/lib/python3.10/site-packages/gymnasium/spaces/box.py:236: UserWarning: [33mWARN: Box low's precision lowered by casting to float32, current low.dtype=float64[0m
  gym.logger.warn(
/home/danyoungday/miniconda3/envs/robosuite/lib/python3.10/site-packages/gymnasium/spaces/box.py:306: UserWarning: [33mWARN: Box high's precision lowered by casting to float32, current high.dtype=float64[0m
  gym.logger.warn(
/home/danyoungday/miniconda3/envs/robosuite/lib/python3.10/site-packages/gymnasium/spaces/box.py:306: UserWarning: [33mWARN: Box high's precision lowered by casting to float32, current high.dtype=float64[0m
  gym.logger.warn(
/home/danyoungday/miniconda3/envs/robosuite/lib/python3.10/site-packages/gymnasium/spaces/box.py:236: UserWarning: [33mWARN: Box low's precision lowered by casting to float32, current low.dtype=float64[0m
  gym.logger.warn(
/home/danyoungday/miniconda3/envs/robosuite/lib/python3.10/site-packages/gymnasium/spaces/box.py:306: UserWarning: [33mWARN: Box high's precision lowered by casting to float32, current high.dtype=float64[0m
  gym.logger.warn(
/home/danyoungday/miniconda3/envs/robosuite/lib/python3.10/site-packages/gymnasium/spaces/box.py:236: UserWarning: [33mWARN: Box low's precision lowered by casting to float32, current low.dtype=float64[0m
  gym.logger.warn(
/home/danyoungday/miniconda3/envs/robosuite/lib/python3.10/site-packages/gymnasium/spaces/box.py:306: UserWarning: [33mWARN: Box high's precision lowered by casting to float32, current high.dtype=float64[0m
  gym.logger.warn(
/home/danyoungday/miniconda3/envs/robosuite/lib/python3.10/site-packages/gymnasium/spaces/box.py:236: UserWarning: [33mWARN: Box low's precision lowered by casting to float32, current low.dtype=float64[0m
  gym.logger.warn(
/home/danyoungday/miniconda3/envs/robosuite/lib/python3.10/site-packages/gymnasium/spaces/box.py:306: UserWarning: [33mWARN: Box high's precision lowered by casting to float32, current high.dtype=float64[0m
  gym.logger.warn(
/home/danyoungday/miniconda3/envs/robosuite/lib/python3.10/site-packages/gymnasium/spaces/box.py:236: UserWarning: [33mWARN: Box low's precision lowered by casting to float32, current low.dtype=float64[0m
  gym.logger.warn(
/home/danyoungday/miniconda3/envs/robosuite/lib/python3.10/site-packages/gymnasium/spaces/box.py:236: UserWarning: [33mWARN: Box low's precision lowered by casting to float32, current low.dtype=float64[0m
  gym.logger.warn(
/home/danyoungday/miniconda3/envs/robosuite/lib/python3.10/site-packages/gymnasium/spaces/box.py:306: UserWarning: [33mWARN: Box high's precision lowered by casting to float32, current high.dtype=float64[0m
  gym.logger.warn(
/home/danyoungday/miniconda3/envs/robosuite/lib/python3.10/site-packages/gymnasium/spaces/box.py:306: UserWarning: [33mWARN: Box high's precision lowered by casting to float32, current high.dtype=float64[0m
  gym.logger.warn(
/home/danyoungday/miniconda3/envs/robosuite/lib/python3.10/site-packages/gymnasium/spaces/box.py:236: UserWarning: [33mWARN: Box low's precision lowered by casting to float32, current low.dtype=float64[0m
  gym.logger.warn(
/home/danyoungday/miniconda3/envs/robosuite/lib/python3.10/site-packages/gymnasium/spaces/box.py:306: UserWarning: [33mWARN: Box high's precision lowered by casting to float32, current high.dtype=float64[0m
  gym.logger.warn(
/home/danyoungday/miniconda3/envs/robosuite/lib/python3.10/site-packages/gymnasium/spaces/box.py:236: UserWarning: [33mWARN: Box low's precision lowered by casting to float32, current low.dtype=float64[0m
  gym.logger.warn(
/home/danyoungday/miniconda3/envs/robosuite/lib/python3.10/site-packages/gymnasium/spaces/box.py:306: UserWarning: [33mWARN: Box high's precision lowered by casting to float32, current high.dtype=float64[0m
  gym.logger.warn(
/home/danyoungday/miniconda3/envs/robosuite/lib/python3.10/site-packages/gymnasium/spaces/box.py:236: UserWarning: [33mWARN: Box low's precision lowered by casting to float32, current low.dtype=float64[0m
  gym.logger.warn(
/home/danyoungday/miniconda3/envs/robosuite/lib/python3.10/site-packages/gymnasium/spaces/box.py:306: UserWarning: [33mWARN: Box high's precision lowered by casting to float32, current high.dtype=float64[0m
  gym.logger.warn(
/home/danyoungday/miniconda3/envs/robosuite/lib/python3.10/site-packages/gymnasium/spaces/box.py:236: UserWarning: [33mWARN: Box low's precision lowered by casting to float32, current low.dtype=float64[0m
  gym.logger.warn(
/home/danyoungday/miniconda3/envs/robosuite/lib/python3.10/site-packages/gymnasium/spaces/box.py:306: UserWarning: [33mWARN: Box high's precision lowered by casting to float32, current high.dtype=float64[0m
  gym.logger.warn(
/home/danyoungday/miniconda3/envs/robosuite/lib/python3.10/site-packages/gymnasium/spaces/box.py:236: UserWarning: [33mWARN: Box low's precision lowered by casting to float32, current low.dtype=float64[0m
  gym.logger.warn(
/home/danyoungday/miniconda3/envs/robosuite/lib/python3.10/site-packages/gymnasium/spaces/box.py:306: UserWarning: [33mWARN: Box high's precision lowered by casting to float32, current high.dtype=float64[0m
  gym.logger.warn(
/home/danyoungday/miniconda3/envs/robosuite/lib/python3.10/site-packages/gymnasium/spaces/box.py:236: UserWarning: [33mWARN: Box low's precision lowered by casting to float32, current low.dtype=float64[0m
  gym.logger.warn(
/home/danyoungday/miniconda3/envs/robosuite/lib/python3.10/site-packages/gymnasium/spaces/box.py:306: UserWarning: [33mWARN: Box high's precision lowered by casting to float32, current high.dtype=float64[0m
  gym.logger.warn(
/home/danyoungday/miniconda3/envs/robosuite/lib/python3.10/site-packages/gymnasium/spaces/box.py:236: UserWarning: [33mWARN: Box low's precision lowered by casting to float32, current low.dtype=float64[0m
  gym.logger.warn(
/home/danyoungday/miniconda3/envs/robosuite/lib/python3.10/site-packages/gymnasium/spaces/box.py:306: UserWarning: [33mWARN: Box high's precision lowered by casting to float32, current high.dtype=float64[0m
  gym.logger.warn(
/home/danyoungday/miniconda3/envs/robosuite/lib/python3.10/site-packages/gymnasium/spaces/box.py:236: UserWarning: [33mWARN: Box low's precision lowered by casting to float32, current low.dtype=float64[0m
  gym.logger.warn(
/home/danyoungday/miniconda3/envs/robosuite/lib/python3.10/site-packages/gymnasium/spaces/box.py:306: UserWarning: [33mWARN: Box high's precision lowered by casting to float32, current high.dtype=float64[0m
  gym.logger.warn(
/home/danyoungday/miniconda3/envs/robosuite/lib/python3.10/site-packages/gymnasium/spaces/box.py:236: UserWarning: [33mWARN: Box low's precision lowered by casting to float32, current low.dtype=float64[0m
  gym.logger.warn(
/home/danyoungday/miniconda3/envs/robosuite/lib/python3.10/site-packages/gymnasium/spaces/box.py:306: UserWarning: [33mWARN: Box high's precision lowered by casting to float32, current high.dtype=float64[0m
  gym.logger.warn(
/home/danyoungday/miniconda3/envs/robosuite/lib/python3.10/site-packages/gymnasium/spaces/box.py:236: UserWarning: [33mWARN: Box low's precision lowered by casting to float32, current low.dtype=float64[0m
  gym.logger.warn(
/home/danyoungday/miniconda3/envs/robosuite/lib/python3.10/site-packages/gymnasium/spaces/box.py:306: UserWarning: [33mWARN: Box high's precision lowered by casting to float32, current high.dtype=float64[0m
  gym.logger.warn(
/home/danyoungday/miniconda3/envs/robosuite/lib/python3.10/site-packages/gymnasium/spaces/box.py:236: UserWarning: [33mWARN: Box low's precision lowered by casting to float32, current low.dtype=float64[0m
  gym.logger.warn(
/home/danyoungday/miniconda3/envs/robosuite/lib/python3.10/site-packages/gymnasium/spaces/box.py:306: UserWarning: [33mWARN: Box high's precision lowered by casting to float32, current high.dtype=float64[0m
  gym.logger.warn(
/home/danyoungday/miniconda3/envs/robosuite/lib/python3.10/site-packages/gymnasium/spaces/box.py:236: UserWarning: [33mWARN: Box low's precision lowered by casting to float32, current low.dtype=float64[0m
  gym.logger.warn(
/home/danyoungday/miniconda3/envs/robosuite/lib/python3.10/site-packages/gymnasium/spaces/box.py:236: UserWarning: [33mWARN: Box low's precision lowered by casting to float32, current low.dtype=float64[0m
  gym.logger.warn(
/home/danyoungday/miniconda3/envs/robosuite/lib/python3.10/site-packages/gymnasium/spaces/box.py:306: UserWarning: [33mWARN: Box high's precision lowered by casting to float32, current high.dtype=float64[0m
  gym.logger.warn(
/home/danyoungday/miniconda3/envs/robosuite/lib/python3.10/site-packages/gymnasium/spaces/box.py:306: UserWarning: [33mWARN: Box high's precision lowered by casting to float32, current high.dtype=float64[0m
  gym.logger.warn(
/home/danyoungday/miniconda3/envs/robosuite/lib/python3.10/site-packages/gymnasium/spaces/box.py:236: UserWarning: [33mWARN: Box low's precision lowered by casting to float32, current low.dtype=float64[0m
  gym.logger.warn(
/home/danyoungday/miniconda3/envs/robosuite/lib/python3.10/site-packages/gymnasium/spaces/box.py:306: UserWarning: [33mWARN: Box high's precision lowered by casting to float32, current high.dtype=float64[0m
  gym.logger.warn(
/home/danyoungday/miniconda3/envs/robosuite/lib/python3.10/site-packages/gymnasium/spaces/box.py:236: UserWarning: [33mWARN: Box low's precision lowered by casting to float32, current low.dtype=float64[0m
  gym.logger.warn(
/home/danyoungday/miniconda3/envs/robosuite/lib/python3.10/site-packages/gymnasium/spaces/box.py:306: UserWarning: [33mWARN: Box high's precision lowered by casting to float32, current high.dtype=float64[0m
  gym.logger.warn(
/home/danyoungday/miniconda3/envs/robosuite/lib/python3.10/site-packages/gymnasium/spaces/box.py:236: UserWarning: [33mWARN: Box low's precision lowered by casting to float32, current low.dtype=float64[0m
  gym.logger.warn(
/home/danyoungday/miniconda3/envs/robosuite/lib/python3.10/site-packages/gymnasium/spaces/box.py:306: UserWarning: [33mWARN: Box high's precision lowered by casting to float32, current high.dtype=float64[0m
  gym.logger.warn(
/home/danyoungday/miniconda3/envs/robosuite/lib/python3.10/site-packages/gymnasium/spaces/box.py:236: UserWarning: [33mWARN: Box low's precision lowered by casting to float32, current low.dtype=float64[0m
  gym.logger.warn(
/home/danyoungday/miniconda3/envs/robosuite/lib/python3.10/site-packages/gymnasium/spaces/box.py:306: UserWarning: [33mWARN: Box high's precision lowered by casting to float32, current high.dtype=float64[0m
  gym.logger.warn(
[robosuite INFO] Loading controller configuration from: /home/danyoungday/miniconda3/envs/robosuite/lib/python3.10/site-packages/robosuite/controllers/config/robots/default_panda.json (composite_controller_factory.py:121)
/home/danyoungday/miniconda3/envs/robosuite/lib/python3.10/site-packages/gymnasium/spaces/box.py:236: UserWarning: [33mWARN: Box low's precision lowered by casting to float32, current low.dtype=float64[0m
  gym.logger.warn(
/home/danyoungday/miniconda3/envs/robosuite/lib/python3.10/site-packages/gymnasium/spaces/box.py:306: UserWarning: [33mWARN: Box high's precision lowered by casting to float32, current high.dtype=float64[0m
  gym.logger.warn(
Using cpu device
device=cpu  n_envs=62  cores_detected=64  steps/update=7936
Logging to results/gripped/tb/PPO_1
-----------------------------
| time/              |      |
|    fps             | 4686 |
|    iterations      | 1    |
|    time_elapsed    | 1    |
|    total_timesteps | 7936 |
-----------------------------
--------------------------------------
| time/                   |          |
|    fps                  | 3105     |
|    iterations           | 2        |
|    time_elapsed         | 5        |
|    total_timesteps      | 15872    |
| train/                  |          |
|    approx_kl            | 2.744763 |
|    clip_fraction        | 0.753    |
|    clip_range           | 0.2      |
|    entropy_loss         | 3.87     |
|    explained_variance   | -0.00962 |
|    learning_rate        | 0.000299 |
|    loss                 | 0.468    |
|    n_updates            | 10       |
|    policy_gradient_loss | -0.0231  |
|    std                  | 0.143    |
|    value_loss           | 1.67     |
--------------------------------------
--------------------------------------
| time/                   |          |
|    fps                  | 2802     |
|    iterations           | 3        |
|    time_elapsed         | 8        |
|    total_timesteps      | 23808    |
| train/                  |          |
|    approx_kl            | 2.225342 |
|    clip_fraction        | 0.727    |
|    clip_range           | 0.2      |
|    entropy_loss         | 3.47     |
|    explained_variance   | 0.528    |
|    learning_rate        | 0.000298 |
|    loss                 | 0.147    |
|    n_updates            | 20       |
|    policy_gradient_loss | 0.00184  |
|    std                  | 0.151    |
|    value_loss           | 0.0336   |
--------------------------------------
----------------------------------------
| rollout/                |            |
|    ep_len_mean          | 500        |
|    ep_rew_mean          | 53.6       |
|    success_rate         | 0          |
| time/                   |            |
|    fps                  | 2607       |
|    iterations           | 4          |
|    time_elapsed         | 12         |
|    total_timesteps      | 31744      |
| train/                  |            |
|    approx_kl            | 0.11891827 |
|    clip_fraction        | 0.566      |
|    clip_range           | 0.2        |
|    entropy_loss         | 3.09       |
|    explained_variance   | 0.741      |
|    learning_rate        | 0.000296   |
|    loss                 | 0.12       |
|    n_updates            | 30         |
|    policy_gradient_loss | -0.0137    |
|    std                  | 0.16       |
|    value_loss           | 0.0252     |
----------------------------------------
---------------------------------------
| rollout/                |           |
|    ep_len_mean          | 500       |
|    ep_rew_mean          | 53.6      |
|    success_rate         | 0         |
| time/                   |           |
|    fps                  | 2549      |
|    iterations           | 5         |
|    time_elapsed         | 15        |
|    total_timesteps      | 39680     |
| train/                  |           |
|    approx_kl            | 0.9171077 |
|    clip_fraction        | 0.521     |
|    clip_range           | 0.2       |
|    entropy_loss         | 2.73      |
|    explained_variance   | 0.962     |
|    learning_rate        | 0.000295  |
|    loss                 | 0.173     |
|    n_updates            | 40        |
|    policy_gradient_loss | -0.0213   |
|    std                  | 0.167     |
|    value_loss           | 0.181     |
---------------------------------------
----------------------------------------
| rollout/                |            |
|    ep_len_mean          | 500        |
|    ep_rew_mean          | 53.6       |
|    success_rate         | 0          |
| time/                   |            |
|    fps                  | 2519       |
|    iterations           | 6          |
|    time_elapsed         | 18         |
|    total_timesteps      | 47616      |
| train/                  |            |
|    approx_kl            | 0.15941769 |
|    clip_fraction        | 0.484      |
|    clip_range           | 0.2        |
|    entropy_loss         | 2.49       |
|    explained_variance   | 0.538      |
|    learning_rate        | 0.000294   |
|    loss                 | 0.112      |
|    n_updates            | 50         |
|    policy_gradient_loss | -0.0104    |
|    std                  | 0.172      |
|    value_loss           | 0.24       |
----------------------------------------
Eval num_timesteps=49972, episode_reward=11.77 +/- 0.61
Episode length: 500.00 +/- 0.00
Success rate: 0.00%
----------------------------------------
| eval/                   |            |
|    mean_ep_length       | 500        |
|    mean_reward          | 11.8       |
|    success_rate         | 0          |
| time/                   |            |
|    total_timesteps      | 49972      |
| train/                  |            |
|    approx_kl            | 0.13306898 |
|    clip_fraction        | 0.471      |
|    clip_range           | 0.2        |
|    entropy_loss         | 2.19       |
|    explained_variance   | 0.901      |
|    learning_rate        | 0.000293   |
|    loss                 | 0.0524     |
|    n_updates            | 60         |
|    policy_gradient_loss | -0.0315    |
|    std                  | 0.18       |
|    value_loss           | 0.0142     |
----------------------------------------
New best mean reward!
---------------------------------
| rollout/           |          |
|    ep_len_mean     | 500      |
|    ep_rew_mean     | 53.6     |
|    success_rate    | 0        |
| time/              |          |
|    fps             | 1352     |
|    iterations      | 7        |
|    time_elapsed    | 41       |
|    total_timesteps | 55552    |
---------------------------------
----------------------------------------
| rollout/                |            |
|    ep_len_mean          | 500        |
|    ep_rew_mean          | 38.5       |
|    success_rate         | 0          |
| time/                   |            |
|    fps                  | 1418       |
|    iterations           | 8          |
|    time_elapsed         | 44         |
|    total_timesteps      | 63488      |
| train/                  |            |
|    approx_kl            | 0.07248333 |
|    clip_fraction        | 0.423      |
|    clip_range           | 0.2        |
|    entropy_loss         | 1.9        |
|    explained_variance   | 0.813      |
|    learning_rate        | 0.000292   |
|    loss                 | 0.0407     |
|    n_updates            | 70         |
|    policy_gradient_loss | -0.0375    |
|    std                  | 0.187      |
|    value_loss           | 0.0242     |
----------------------------------------
----------------------------------------
| rollout/                |            |
|    ep_len_mean          | 500        |
|    ep_rew_mean          | 38.5       |
|    success_rate         | 0          |
| time/                   |            |
|    fps                  | 1483       |
|    iterations           | 9          |
|    time_elapsed         | 48         |
|    total_timesteps      | 71424      |
| train/                  |            |
|    approx_kl            | 0.07453659 |
|    clip_fraction        | 0.406      |
|    clip_range           | 0.2        |
|    entropy_loss         | 1.67       |
|    explained_variance   | 0.924      |
|    learning_rate        | 0.00029    |
|    loss                 | 0.0401     |
|    n_updates            | 80         |
|    policy_gradient_loss | -0.0225    |
|    std                  | 0.193      |
|    value_loss           | 0.0892     |
----------------------------------------
-----------------------------------------
| rollout/                |             |
|    ep_len_mean          | 500         |
|    ep_rew_mean          | 38.5        |
|    success_rate         | 0           |
| time/                   |             |
|    fps                  | 1541        |
|    iterations           | 10          |
|    time_elapsed         | 51          |
|    total_timesteps      | 79360       |
| train/                  |             |
|    approx_kl            | 0.050939847 |
|    clip_fraction        | 0.373       |
|    clip_range           | 0.2         |
|    entropy_loss         | 1.46        |
|    explained_variance   | 0.732       |
|    learning_rate        | 0.000289    |
|    loss                 | 0.0236      |
|    n_updates            | 90          |
|    policy_gradient_loss | -0.0426     |
|    std                  | 0.198       |
|    value_loss           | 0.0713      |
-----------------------------------------
-----------------------------------------
| rollout/                |             |
|    ep_len_mean          | 500         |
|    ep_rew_mean          | 38.5        |
|    success_rate         | 0           |
| time/                   |             |
|    fps                  | 1589        |
|    iterations           | 11          |
|    time_elapsed         | 54          |
|    total_timesteps      | 87296       |
| train/                  |             |
|    approx_kl            | 0.075426795 |
|    clip_fraction        | 0.401       |
|    clip_range           | 0.2         |
|    entropy_loss         | 1.25        |
|    explained_variance   | 0.798       |
|    learning_rate        | 0.000288    |
|    loss                 | -0.0171     |
|    n_updates            | 100         |
|    policy_gradient_loss | -0.0478     |
|    std                  | 0.205       |
|    value_loss           | 0.00647     |
-----------------------------------------
----------------------------------------
| rollout/                |            |
|    ep_len_mean          | 500        |
|    ep_rew_mean          | 23.8       |
|    success_rate         | 0          |
| time/                   |            |
|    fps                  | 1624       |
|    iterations           | 12         |
|    time_elapsed         | 58         |
|    total_timesteps      | 95232      |
| train/                  |            |
|    approx_kl            | 0.08360998 |
|    clip_fraction        | 0.413      |
|    clip_range           | 0.2        |
|    entropy_loss         | 1.01       |
|    explained_variance   | 0.913      |
|    learning_rate        | 0.000287   |
|    loss                 | -0.0318    |
|    n_updates            | 110        |
|    policy_gradient_loss | -0.048     |
|    std                  | 0.212      |
|    value_loss           | 0.00569    |
----------------------------------------
Eval num_timesteps=99944, episode_reward=14.49 +/- 1.06
Episode length: 500.00 +/- 0.00
Success rate: 0.00%
----------------------------------------
| eval/                   |            |
|    mean_ep_length       | 500        |
|    mean_reward          | 14.5       |
|    success_rate         | 0          |
| time/                   |            |
|    total_timesteps      | 99944      |
| train/                  |            |
|    approx_kl            | 0.06461907 |
|    clip_fraction        | 0.421      |
|    clip_range           | 0.2        |
|    entropy_loss         | 0.811      |
|    explained_variance   | 0.908      |
|    learning_rate        | 0.000286   |
|    loss                 | 0.0038     |
|    n_updates            | 120        |
|    policy_gradient_loss | -0.049     |
|    std                  | 0.218      |
|    value_loss           | 0.0598     |
----------------------------------------
New best mean reward!
---------------------------------
| rollout/           |          |
|    ep_len_mean     | 500      |
|    ep_rew_mean     | 23.8     |
|    success_rate    | 0        |
| time/              |          |
|    fps             | 1274     |
|    iterations      | 13       |
|    time_elapsed    | 80       |
|    total_timesteps | 103168   |
---------------------------------
-----------------------------------------
| rollout/                |             |
|    ep_len_mean          | 500         |
|    ep_rew_mean          | 23.8        |
|    success_rate         | 0           |
| time/                   |             |
|    fps                  | 1317        |
|    iterations           | 14          |
|    time_elapsed         | 84          |
|    total_timesteps      | 111104      |
| train/                  |             |
|    approx_kl            | 0.047187593 |
|    clip_fraction        | 0.346       |
|    clip_range           | 0.2         |
|    entropy_loss         | 0.617       |
|    explained_variance   | 0.7         |
|    learning_rate        | 0.000285    |
|    loss                 | -0.0218     |
|    n_updates            | 130         |
|    policy_gradient_loss | -0.0354     |
|    std                  | 0.224       |
|    value_loss           | 0.0217      |
-----------------------------------------
----------------------------------------
| rollout/                |            |
|    ep_len_mean          | 500        |
|    ep_rew_mean          | 23.8       |
|    success_rate         | 0          |
| time/                   |            |
|    fps                  | 1357       |
|    iterations           | 15         |
|    time_elapsed         | 87         |
|    total_timesteps      | 119040     |
| train/                  |            |
|    approx_kl            | 0.06905538 |
|    clip_fraction        | 0.382      |
|    clip_range           | 0.2        |
|    entropy_loss         | 0.41       |
|    explained_variance   | 0.872      |
|    learning_rate        | 0.000283   |
|    loss                 | -0.0653    |
|    n_updates            | 140        |
|    policy_gradient_loss | -0.0538    |
|    std                  | 0.231      |
|    value_loss           | 0.00269    |
----------------------------------------
----------------------------------------
| rollout/                |            |
|    ep_len_mean          | 500        |
|    ep_rew_mean          | 21.9       |
|    success_rate         | 0          |
| time/                   |            |
|    fps                  | 1389       |
|    iterations           | 16         |
|    time_elapsed         | 91         |
|    total_timesteps      | 126976     |
| train/                  |            |
|    approx_kl            | 0.08949933 |
|    clip_fraction        | 0.408      |
|    clip_range           | 0.2        |
|    entropy_loss         | 0.176      |
|    explained_variance   | 0.88       |
|    learning_rate        | 0.000282   |
|    loss                 | -0.0652    |
|    n_updates            | 150        |
|    policy_gradient_loss | -0.0499    |
|    std                  | 0.239      |
|    value_loss           | 0.00423    |
----------------------------------------
-----------------------------------------
| rollout/                |             |
|    ep_len_mean          | 500         |
|    ep_rew_mean          | 21.9        |
|    success_rate         | 0           |
| time/                   |             |
|    fps                  | 1422        |
|    iterations           | 17          |
|    time_elapsed         | 94          |
|    total_timesteps      | 134912      |
| train/                  |             |
|    approx_kl            | 0.057038363 |
|    clip_fraction        | 0.412       |
|    clip_range           | 0.2         |
|    entropy_loss         | -0.0452     |
|    explained_variance   | 0.828       |
|    learning_rate        | 0.000281    |
|    loss                 | -0.0553     |
|    n_updates            | 160         |
|    policy_gradient_loss | -0.0429     |
|    std                  | 0.246       |
|    value_loss           | 0.0439      |
-----------------------------------------
-----------------------------------------
| rollout/                |             |
|    ep_len_mean          | 500         |
|    ep_rew_mean          | 21.9        |
|    success_rate         | 0           |
| time/                   |             |
|    fps                  | 1453        |
|    iterations           | 18          |
|    time_elapsed         | 98          |
|    total_timesteps      | 142848      |
| train/                  |             |
|    approx_kl            | 0.045805342 |
|    clip_fraction        | 0.365       |
|    clip_range           | 0.2         |
|    entropy_loss         | -0.267      |
|    explained_variance   | 0.781       |
|    learning_rate        | 0.00028     |
|    loss                 | -0.0727     |
|    n_updates            | 170         |
|    policy_gradient_loss | -0.0321     |
|    std                  | 0.255       |
|    value_loss           | 0.0111      |
-----------------------------------------
Eval num_timesteps=149916, episode_reward=90.44 +/- 58.10
Episode length: 500.00 +/- 0.00
Success rate: 0.00%
----------------------------------------
| eval/                   |            |
|    mean_ep_length       | 500        |
|    mean_reward          | 90.4       |
|    success_rate         | 0          |
| time/                   |            |
|    total_timesteps      | 149916     |
| train/                  |            |
|    approx_kl            | 0.06545478 |
|    clip_fraction        | 0.399      |
|    clip_range           | 0.2        |
|    entropy_loss         | -0.479     |
|    explained_variance   | 0.918      |
|    learning_rate        | 0.000279   |
|    loss                 | -0.113     |
|    n_updates            | 180        |
|    policy_gradient_loss | -0.0596    |
|    std                  | 0.262      |
|    value_loss           | 0.00112    |
----------------------------------------
New best mean reward!
---------------------------------
| rollout/           |          |
|    ep_len_mean     | 500      |
|    ep_rew_mean     | 21.9     |
|    success_rate    | 0        |
| time/              |          |
|    fps             | 1245     |
|    iterations      | 19       |
|    time_elapsed    | 121      |
|    total_timesteps | 150784   |
---------------------------------
-----------------------------------------
| rollout/                |             |
|    ep_len_mean          | 500         |
|    ep_rew_mean          | 24.6        |
|    success_rate         | 0           |
| time/                   |             |
|    fps                  | 1270        |
|    iterations           | 20          |
|    time_elapsed         | 124         |
|    total_timesteps      | 158720      |
| train/                  |             |
|    approx_kl            | 0.069761276 |
|    clip_fraction        | 0.41        |
|    clip_range           | 0.2         |
|    entropy_loss         | -0.678      |
|    explained_variance   | 0.875       |
|    learning_rate        | 0.000277    |
|    loss                 | -0.12       |
|    n_updates            | 190         |
|    policy_gradient_loss | -0.0591     |
|    std                  | 0.269       |
|    value_loss           | 0.00192     |
-----------------------------------------
-----------------------------------------
| rollout/                |             |
|    ep_len_mean          | 500         |
|    ep_rew_mean          | 24.6        |
|    success_rate         | 0           |
| time/                   |             |
|    fps                  | 1297        |
|    iterations           | 21          |
|    time_elapsed         | 128         |
|    total_timesteps      | 166656      |
| train/                  |             |
|    approx_kl            | 0.040625773 |
|    clip_fraction        | 0.361       |
|    clip_range           | 0.2         |
|    entropy_loss         | -0.842      |
|    explained_variance   | 0.831       |
|    learning_rate        | 0.000276    |
|    loss                 | -0.0804     |
|    n_updates            | 200         |
|    policy_gradient_loss | -0.0427     |
|    std                  | 0.275       |
|    value_loss           | 0.0811      |
-----------------------------------------
----------------------------------------
| rollout/                |            |
|    ep_len_mean          | 500        |
|    ep_rew_mean          | 24.6       |
|    success_rate         | 0          |
| time/                   |            |
|    fps                  | 1322       |
|    iterations           | 22         |
|    time_elapsed         | 131        |
|    total_timesteps      | 174592     |
| train/                  |            |
|    approx_kl            | 0.05507142 |
|    clip_fraction        | 0.401      |
|    clip_range           | 0.2        |
|    entropy_loss         | -1.05      |
|    explained_variance   | 0.872      |
|    learning_rate        | 0.000275   |
|    loss                 | -0.0972    |
|    n_updates            | 210        |
|    policy_gradient_loss | -0.0385    |
|    std                  | 0.285      |
|    value_loss           | 0.0185     |
----------------------------------------
-----------------------------------------
| rollout/                |             |
|    ep_len_mean          | 500         |
|    ep_rew_mean          | 24.6        |
|    success_rate         | 0           |
| time/                   |             |
|    fps                  | 1347        |
|    iterations           | 23          |
|    time_elapsed         | 135         |
|    total_timesteps      | 182528      |
| train/                  |             |
|    approx_kl            | 0.066599846 |
|    clip_fraction        | 0.412       |
|    clip_range           | 0.2         |
|    entropy_loss         | -1.29       |
|    explained_variance   | 0.871       |
|    learning_rate        | 0.000274    |
|    loss                 | -0.148      |
|    n_updates            | 220         |
|    policy_gradient_loss | -0.0534     |
|    std                  | 0.296       |
|    value_loss           | 0.00172     |
-----------------------------------------
----------------------------------------
| rollout/                |            |
|    ep_len_mean          | 500        |
|    ep_rew_mean          | 40.1       |
|    success_rate         | 0          |
| time/                   |            |
|    fps                  | 1366       |
|    iterations           | 24         |
|    time_elapsed         | 139        |
|    total_timesteps      | 190464     |
| train/                  |            |
|    approx_kl            | 0.07185657 |
|    clip_fraction        | 0.402      |
|    clip_range           | 0.2        |
|    entropy_loss         | -1.53      |
|    explained_variance   | 0.862      |
|    learning_rate        | 0.000273   |
|    loss                 | -0.17      |
|    n_updates            | 230        |
|    policy_gradient_loss | -0.0544    |
|    std                  | 0.305      |
|    value_loss           | 0.00167    |
----------------------------------------
-----------------------------------------
| rollout/                |             |
|    ep_len_mean          | 500         |
|    ep_rew_mean          | 40.1        |
|    success_rate         | 0           |
| time/                   |             |
|    fps                  | 1387        |
|    iterations           | 25          |
|    time_elapsed         | 142         |
|    total_timesteps      | 198400      |
| train/                  |             |
|    approx_kl            | 0.039502222 |
|    clip_fraction        | 0.343       |
|    clip_range           | 0.2         |
|    entropy_loss         | -1.72       |
|    explained_variance   | 0.879       |
|    learning_rate        | 0.000271    |
|    loss                 | -0.133      |
|    n_updates            | 240         |
|    policy_gradient_loss | -0.0454     |
|    std                  | 0.312       |
|    value_loss           | 0.0937      |
-----------------------------------------
Eval num_timesteps=199888, episode_reward=173.76 +/- 58.14
Episode length: 500.00 +/- 0.00
Success rate: 0.00%
----------------------------------------
| eval/                   |            |
|    mean_ep_length       | 500        |
|    mean_reward          | 174        |
|    success_rate         | 0          |
| time/                   |            |
|    total_timesteps      | 199888     |
| train/                  |            |
|    approx_kl            | 0.03780608 |
|    clip_fraction        | 0.353      |
|    clip_range           | 0.2        |
|    entropy_loss         | -1.88      |
|    explained_variance   | 0.848      |
|    learning_rate        | 0.00027    |
|    loss                 | -0.166     |
|    n_updates            | 250        |
|    policy_gradient_loss | -0.0509    |
|    std                  | 0.319      |
|    value_loss           | 0.0392     |
----------------------------------------
New best mean reward!
---------------------------------
| rollout/           |          |
|    ep_len_mean     | 500      |
|    ep_rew_mean     | 40.1     |
|    success_rate    | 0        |
| time/              |          |
|    fps             | 1237     |
|    iterations      | 26       |
|    time_elapsed    | 166      |
|    total_timesteps | 206336   |
---------------------------------
-----------------------------------------
| rollout/                |             |
|    ep_len_mean          | 500         |
|    ep_rew_mean          | 40.1        |
|    success_rate         | 0           |
| time/                   |             |
|    fps                  | 1257        |
|    iterations           | 27          |
|    time_elapsed         | 170         |
|    total_timesteps      | 214272      |
| train/                  |             |
|    approx_kl            | 0.042838138 |
|    clip_fraction        | 0.368       |
|    clip_range           | 0.2         |
|    entropy_loss         | -2.07       |
|    explained_variance   | 0.904       |
|    learning_rate        | 0.000269    |
|    loss                 | -0.186      |
|    n_updates            | 260         |
|    policy_gradient_loss | -0.0553     |
|    std                  | 0.329       |
|    value_loss           | 0.0132      |
-----------------------------------------
-----------------------------------------
| rollout/                |             |
|    ep_len_mean          | 500         |
|    ep_rew_mean          | 80          |
|    success_rate         | 0           |
| time/                   |             |
|    fps                  | 1274        |
|    iterations           | 28          |
|    time_elapsed         | 174         |
|    total_timesteps      | 222208      |
| train/                  |             |
|    approx_kl            | 0.041670423 |
|    clip_fraction        | 0.348       |
|    clip_range           | 0.2         |
|    entropy_loss         | -2.27       |
|    explained_variance   | 0.918       |
|    learning_rate        | 0.000268    |
|    loss                 | -0.188      |
|    n_updates            | 270         |
|    policy_gradient_loss | -0.0533     |
|    std                  | 0.338       |
|    value_loss           | 0.00894     |
-----------------------------------------
-----------------------------------------
| rollout/                |             |
|    ep_len_mean          | 500         |
|    ep_rew_mean          | 80          |
|    success_rate         | 0           |
| time/                   |             |
|    fps                  | 1294        |
|    iterations           | 29          |
|    time_elapsed         | 177         |
|    total_timesteps      | 230144      |
| train/                  |             |
|    approx_kl            | 0.039026473 |
|    clip_fraction        | 0.344       |
|    clip_range           | 0.2         |
|    entropy_loss         | -2.44       |
|    explained_variance   | 0.623       |
|    learning_rate        | 0.000267    |
|    loss                 | -0.176      |
|    n_updates            | 280         |
|    policy_gradient_loss | -0.0515     |
|    std                  | 0.346       |
|    value_loss           | 0.0767      |
-----------------------------------------
-----------------------------------------
| rollout/                |             |
|    ep_len_mean          | 500         |
|    ep_rew_mean          | 80          |
|    success_rate         | 0           |
| time/                   |             |
|    fps                  | 1313        |
|    iterations           | 30          |
|    time_elapsed         | 181         |
|    total_timesteps      | 238080      |
| train/                  |             |
|    approx_kl            | 0.035080865 |
|    clip_fraction        | 0.331       |
|    clip_range           | 0.2         |
|    entropy_loss         | -2.6        |
|    explained_variance   | 0.757       |
|    learning_rate        | 0.000265    |
|    loss                 | -0.209      |
|    n_updates            | 290         |
|    policy_gradient_loss | -0.0557     |
|    std                  | 0.354       |
|    value_loss           | 0.032       |
-----------------------------------------
-----------------------------------------
| rollout/                |             |
|    ep_len_mean          | 500         |
|    ep_rew_mean          | 80          |
|    success_rate         | 0           |
| time/                   |             |
|    fps                  | 1331        |
|    iterations           | 31          |
|    time_elapsed         | 184         |
|    total_timesteps      | 246016      |
| train/                  |             |
|    approx_kl            | 0.045630865 |
|    clip_fraction        | 0.378       |
|    clip_range           | 0.2         |
|    entropy_loss         | -2.78       |
|    explained_variance   | 0.846       |
|    learning_rate        | 0.000264    |
|    loss                 | -0.227      |
|    n_updates            | 300         |
|    policy_gradient_loss | -0.058      |
|    std                  | 0.364       |
|    value_loss           | 0.014       |
-----------------------------------------
Eval num_timesteps=249860, episode_reward=221.22 +/- 31.98
Episode length: 500.00 +/- 0.00
Success rate: 0.00%
-----------------------------------------
| eval/                   |             |
|    mean_ep_length       | 500         |
|    mean_reward          | 221         |
|    success_rate         | 0           |
| time/                   |             |
|    total_timesteps      | 249860      |
| train/                  |             |
|    approx_kl            | 0.049037807 |
|    clip_fraction        | 0.38        |
|    clip_range           | 0.2         |
|    entropy_loss         | -2.96       |
|    explained_variance   | 0.908       |
|    learning_rate        | 0.000263    |
|    loss                 | -0.237      |
|    n_updates            | 310         |
|    policy_gradient_loss | -0.0636     |
|    std                  | 0.373       |
|    value_loss           | 0.00586     |
-----------------------------------------
New best mean reward!
---------------------------------
| rollout/           |          |
|    ep_len_mean     | 500      |
|    ep_rew_mean     | 105      |
|    success_rate    | 0        |
| time/              |          |
|    fps             | 1217     |
|    iterations      | 32       |
|    time_elapsed    | 208      |
|    total_timesteps | 253952   |
---------------------------------
-----------------------------------------
| rollout/                |             |
|    ep_len_mean          | 500         |
|    ep_rew_mean          | 105         |
|    success_rate         | 0           |
| time/                   |             |
|    fps                  | 1232        |
|    iterations           | 33          |
|    time_elapsed         | 212         |
|    total_timesteps      | 261888      |
| train/                  |             |
|    approx_kl            | 0.035937876 |
|    clip_fraction        | 0.326       |
|    clip_range           | 0.2         |
|    entropy_loss         | -3.11       |
|    explained_variance   | 0.664       |
|    learning_rate        | 0.000262    |
|    loss                 | -0.217      |
|    n_updates            | 320         |
|    policy_gradient_loss | -0.0593     |
|    std                  | 0.38        |
|    value_loss           | 0.0679      |
-----------------------------------------
----------------------------------------
| rollout/                |            |
|    ep_len_mean          | 500        |
|    ep_rew_mean          | 105        |
|    success_rate         | 0          |
| time/                   |            |
|    fps                  | 1249       |
|    iterations           | 34         |
|    time_elapsed         | 216        |
|    total_timesteps      | 269824     |
| train/                  |            |
|    approx_kl            | 0.05253688 |
|    clip_fraction        | 0.342      |
|    clip_range           | 0.2        |
|    entropy_loss         | -3.27      |
|    explained_variance   | 0.683      |
|    learning_rate        | 0.000261   |
|    loss                 | -0.235     |
|    n_updates            | 330        |
|    policy_gradient_loss | -0.0553    |
|    std                  | 0.39       |
|    value_loss           | 0.0279     |
----------------------------------------
